score,keyword,volume,competition,competition_index,cluster,subcluster,intent,seasonality,target_route,route_status,catchdm_gap,priority,bid_low,bid_high,yoy_change,three_month_change,notes
423,restaurants in west des moines iowa,50000,Low,14,Suburbs,West Des Moines,discovery,evergreen,/restaurants/west-des-moines,pseo-slug,suburb-out-of-cvb-scope,1,0.38,2.71,0%,0%,
376,grays lake park des moines,50000,Low,3,Outdoors,,discovery,evergreen,/outdoors,live,cvb-thin-on-trails-and-parks,2,0.13,1.58,0%,0%,
376,iowa cubs tickets,50000,Low,12,Sports,,discovery,recurring,/sports,live,requires-freshness,2,0.84,2.92,0%,0%,
370,haunted houses des moines,5000,Low,6,Seasonal,fall,discovery,seasonal-fall,/articles,live,seasonal-editorial-cvb-thin,1,,,0%,900%,
370,ice skating des moines,5000,Low,1,Seasonal,winter,discovery,seasonal-winter,/articles,live,seasonal-editorial-cvb-thin,1,,,0%,0%,
370,farmers markets des moines,5000,Low,8,Seasonal,summer,discovery,seasonal-summer,/articles,live,seasonal-editorial-cvb-thin,1,0.01,0.04,0%,0%,
370,breweries in des moines,5000,Low,8,Nightlife,,discovery,evergreen,/breweries,live,cvb-lists-does-not-rank,1,0.48,1.44,0%,0%,
370,iowa state fair parking,5000,Low,0,Iowa-State-Fair,,logistics,seasonal-summer,/iowa-state-fair,live,no-one-answers-logistics,1,,,0%,900%,
333,things to do in ankeny iowa,5000,Low,7,Suburbs,Ankeny,discovery,evergreen,/things-to-do/ankeny,pseo-slug,suburb-out-of-cvb-scope,1,0.41,2.45,0%,0%,
333,restaurants in ankeny iowa,5000,Low,13,Suburbs,Ankeny,discovery,evergreen,/restaurants/ankeny,pseo-slug,suburb-out-of-cvb-scope,1,0.10,2.42,0%,0%,
333,best restaurants in ankeny,5000,Low,10,Suburbs,Ankeny,discovery,evergreen,/restaurants/ankeny,pseo-slug,suburb-out-of-cvb-scope,1,0.03,1.18,0%,0%,
333,best restaurants in west des moines,5000,Low,16,Suburbs,West Des Moines,discovery,evergreen,/restaurants/west-des-moines,pseo-slug,suburb-out-of-cvb-scope,1,0.14,2.10,0%,0%,
333,east village des moines restaurants,5000,Low,7,Neighborhoods,East Village,discovery,evergreen,/restaurants/east-village,pseo-slug,cvb-has-no-neighborhood-pages,1,0.38,2.65,0%,0%,
333,downtown des moines restaurants,5000,Low,9,Neighborhoods,Downtown,discovery,evergreen,/restaurants/downtown,pseo-slug,cvb-has-no-neighborhood-pages,1,0.27,2.05,0%,0%,
296,best pizza in des moines,5000,Low,26,Restaurant-cuisine,pizza,discovery,evergreen,/restaurants,live,cvb-lists-does-not-rank,2,0.02,1.29,0%,0%,
296,best burger in des moines,5000,Low,9,Restaurant-cuisine,burger,discovery,evergreen,/restaurants,live,cvb-lists-does-not-rank,2,,,0%,0%,
296,best breakfast in des moines,5000,Low,12,Restaurant-cuisine,breakfast,discovery,evergreen,/restaurants,live,cvb-lists-does-not-rank,2,0.01,0.86,0%,0%,
296,des moines arts festival,5000,Low,1,Seasonal,summer,discovery,seasonal-summer,/articles,live,seasonal-editorial-cvb-thin,2,,,-90%,-90%,
296,raccoon river valley trail,5000,Low,4,Outdoors,,discovery,evergreen,/outdoors,live,cvb-thin-on-trails-and-parks,2,0.51,4.16,0%,0%,
296,comedy clubs des moines,5000,Low,8,Nightlife,,discovery,evergreen,/breweries,live,cvb-lists-does-not-rank,2,0.22,0.90,0%,0%,
296,iowa wild schedule,5000,Low,6,Sports,,discovery,recurring,/sports,live,requires-freshness,2,0.17,0.67,0%,0%,
277,iowa cubs schedule,5000,Medium,34,Sports,,discovery,recurring,/sports,live,requires-freshness,1,0.13,0.50,0%,0%,
270,ankeny iowa events,500,Low,8,Suburbs,Ankeny,discovery,recurring,/events/ankeny,live,suburb-out-of-cvb-scope,1,0.14,2.66,0%,0%,
270,best neighborhoods in des moines,500,Low,6,Neighborhoods,,research,evergreen,/neighborhoods,live,cvb-has-no-neighborhood-pages,1,0.41,2.88,-90%,-90%,
270,concerts in des moines tonight,500,Low,12,Time-qualified,now,discovery,recurring,/music,live,requires-freshness,1,0.03,0.88,0%,0%,
270,live music des moines tonight,500,Low,10,Time-qualified,now,discovery,recurring,/music,live,requires-freshness,1,0.27,1.61,0%,0%,
270,splash pads des moines,500,Low,4,Family,,discovery,evergreen,/playgrounds,live,cvb-targets-visitors-not-parents,1,,,0%,0%,
270,indoor playground des moines,500,Low,30,Family,,discovery,evergreen,/playgrounds,live,cvb-targets-visitors-not-parents,1,0.35,1.30,0%,0%,
270,restaurants open late des moines,500,Low,5,Restaurant-practical,,logistics,evergreen,/restaurants/open-now,live,needs-hours-data-cvb-lacks,1,,,0%,0%,
270,happy hour des moines,500,Low,7,Restaurant-practical,,logistics,evergreen,/restaurants,live,needs-hours-data-cvb-lacks,1,,,-90%,0%,
270,gluten free restaurants des moines,500,Low,9,Restaurant-dietary,gluten free,discovery,evergreen,/restaurants/dietary,live,needs-attribute-data-cvb-lacks,1,0.10,0.25,-90%,0%,
270,vegan restaurants des moines,500,Low,10,Restaurant-dietary,vegan,discovery,evergreen,/restaurants/dietary,live,needs-attribute-data-cvb-lacks,1,0.10,1.50,0%,0%,
270,vegetarian restaurants des moines,500,Low,10,Restaurant-dietary,vegetarian,discovery,evergreen,/restaurants/dietary,live,needs-attribute-data-cvb-lacks,1,0.10,1.50,0%,0%,
270,best new restaurants des moines,500,Low,14,Restaurant-occasion,,discovery,evergreen,/restaurants,live,cvb-lists-does-not-rank,1,0.34,2.51,0%,0%,
270,pumpkin patches near des moines,500,Low,2,Seasonal,fall,discovery,seasonal-fall,/articles,live,seasonal-editorial-cvb-thin,1,,,0%,0%,
270,christmas lights des moines,500,Low,13,Seasonal,winter,discovery,seasonal-winter,/articles,live,seasonal-editorial-cvb-thin,1,,,0%,0%,
270,jolly holiday lights des moines,500,Low,0,Seasonal,winter,discovery,seasonal-winter,/articles,live,seasonal-editorial-cvb-thin,1,,,0%,0%,
270,high trestle trail parking,500,Low,5,Outdoors,,discovery,evergreen,/outdoors,live,cvb-thin-on-trails-and-parks,1,,,0%,0%,
270,dog parks des moines,500,Low,10,Outdoors,,discovery,evergreen,/outdoors,live,cvb-thin-on-trails-and-parks,1,2.76,4.00,0%,0%,
270,best bars in des moines,500,Low,4,Nightlife,,discovery,evergreen,/breweries,live,cvb-lists-does-not-rank,1,,,0%,0%,
270,what is des moines known for,500,Low,1,Question-AI,,research,evergreen,/visitors-guide,live,answer-format-cvb-does-not-publish,1,,,0%,0%,
270,free things to do in des moines,500,Low,4,Question-AI,,research,evergreen,/events/free,live,answer-format-cvb-does-not-publish,1,0.39,2.00,0%,900%,
270,iowa state fair free concerts 2026,500,Low,2,Iowa-State-Fair,,logistics,seasonal-summer,/iowa-state-fair,live,no-one-answers-logistics,1,0.58,1.56,∞,0%,
270,iowa state fair schedule 2026,500,Low,2,Iowa-State-Fair,,logistics,seasonal-summer,/iowa-state-fair,live,no-one-answers-logistics,1,0.35,1.31,∞,0%,
270,iowa state fair food list,500,Low,0,Iowa-State-Fair,,logistics,seasonal-summer,/iowa-state-fair,live,no-one-answers-logistics,1,,,0%,900%,
266,breakfast in ankeny iowa,5000,Low,16,Suburbs,Ankeny,discovery,evergreen,/restaurants/ankeny,pseo-slug,suburb-out-of-cvb-scope,2,0.01,1.39,0%,0%,
266,trampoline park des moines,5000,Low,32,Family,,discovery,evergreen,/things-to-do/families,pseo-slug,cvb-targets-visitors-not-parents,2,0.19,1.43,0%,900%,
259,restaurants in urbandale iowa,5000,Low,13,Suburbs,Urbandale,discovery,evergreen,/restaurants/urbandale,route-exists-no-content,suburb-out-of-cvb-scope,1,0.03,2.67,0%,0%,
259,restaurants in waukee iowa,5000,Low,12,Suburbs,Waukee,discovery,evergreen,/restaurants/waukee,route-exists-no-content,suburb-out-of-cvb-scope,1,0.18,2.63,0%,900%,
259,restaurants in johnston iowa,5000,Low,10,Suburbs,Johnston,discovery,evergreen,/restaurants/johnston,route-exists-no-content,suburb-out-of-cvb-scope,1,0.16,2.61,0%,0%,
259,restaurants in clive iowa,5000,Low,16,Suburbs,Clive,discovery,evergreen,/restaurants/clive,route-exists-no-content,suburb-out-of-cvb-scope,1,0.20,2.66,0%,0%,
259,restaurants in altoona iowa,5000,Low,13,Suburbs,Altoona,discovery,evergreen,/restaurants/altoona,route-exists-no-content,suburb-out-of-cvb-scope,1,0.08,2.70,0%,0%,
259,best restaurants in altoona,5000,Low,6,Suburbs,Altoona,discovery,evergreen,/restaurants/altoona,route-exists-no-content,suburb-out-of-cvb-scope,1,0.02,0.15,0%,0%,
259,restaurants in grimes iowa,5000,Low,17,Suburbs,Grimes,discovery,evergreen,/restaurants/grimes,route-exists-no-content,suburb-out-of-cvb-scope,1,0.19,3.29,0%,0%,
259,restaurants in norwalk iowa,5000,Low,10,Suburbs,Norwalk,discovery,evergreen,/restaurants/norwalk,route-exists-no-content,suburb-out-of-cvb-scope,1,,,0%,0%,
259,best restaurants in norwalk,5000,Low,18,Suburbs,Norwalk,discovery,evergreen,/restaurants/norwalk,route-exists-no-content,suburb-out-of-cvb-scope,1,0.20,0.77,0%,0%,
259,restaurants in bondurant iowa,5000,Low,12,Suburbs,Bondurant,discovery,evergreen,/restaurants/bondurant,route-exists-no-content,suburb-out-of-cvb-scope,1,,,0%,0%,
259,restaurants in indianola iowa,5000,Low,13,Suburbs,Indianola,discovery,evergreen,/restaurants/indianola,route-exists-no-content,suburb-out-of-cvb-scope,1,0.39,3.96,0%,0%,
259,restaurants in adel iowa,5000,Low,14,Suburbs,Adel,discovery,evergreen,/restaurants/adel,route-exists-no-content,suburb-out-of-cvb-scope,1,0.07,2.26,0%,0%,
259,restaurants in polk city iowa,5000,Low,11,Suburbs,Polk City,discovery,evergreen,/restaurants/polk-city,route-exists-no-content,suburb-out-of-cvb-scope,1,,,0%,0%,
259,ingersoll des moines restaurants,5000,Low,9,Neighborhoods,Ingersoll,discovery,evergreen,/restaurants/ingersoll,route-exists-no-content,cvb-has-no-neighborhood-pages,1,1.19,2.94,-90%,0%,
250,things to do in west des moines iowa,5000,Medium,58,Suburbs,West Des Moines,discovery,evergreen,/things-to-do/west-des-moines,pseo-slug,suburb-out-of-cvb-scope,1,0.55,3.62,0%,900%,
243,date night restaurants des moines,500,Low,15,Restaurant-occasion,,discovery,evergreen,/restaurants/date-night,pseo-slug,cvb-lists-does-not-rank,1,0.58,2.56,0%,0%,
235,ledges state park,50000,Low,1,Outdoors,,discovery,evergreen,/outdoors,live,cvb-thin-on-trails-and-parks,3,0.44,2.98,0%,0%,
235,des moines restaurants,50000,Low,11,Control-head-term,,discovery,evergreen,/,live,cvb-dominates-do-not-target,3,0.23,2.48,0%,0%,baseline only; ranks 30-57 today with zero clicks
235,best restaurants in des moines,50000,Low,11,Control-head-term,,discovery,evergreen,/,live,cvb-dominates-do-not-target,3,0.26,1.65,0%,900%,baseline only; ranks 30-57 today with zero clicks
216,parks in ankeny iowa,500,Low,1,Suburbs,Ankeny,discovery,evergreen,/playgrounds,live,suburb-out-of-cvb-scope,2,,,0%,-90%,
216,parks in west des moines iowa,500,Low,2,Suburbs,West Des Moines,discovery,evergreen,/playgrounds,live,suburb-out-of-cvb-scope,2,,,-90%,-90%,
216,parks in urbandale iowa,500,Low,1,Suburbs,Urbandale,discovery,evergreen,/playgrounds,live,suburb-out-of-cvb-scope,2,,,0%,0%,
216,parks in waukee iowa,500,Low,2,Suburbs,Waukee,discovery,evergreen,/playgrounds,live,suburb-out-of-cvb-scope,2,,,0%,0%,
216,parks in johnston iowa,500,Low,1,Suburbs,Johnston,discovery,evergreen,/playgrounds,live,suburb-out-of-cvb-scope,2,,,0%,0%,
216,parks in clive iowa,500,Low,1,Suburbs,Clive,discovery,evergreen,/playgrounds,live,suburb-out-of-cvb-scope,2,,,0%,0%,
216,parks in altoona iowa,500,Low,5,Suburbs,Altoona,discovery,evergreen,/playgrounds,live,suburb-out-of-cvb-scope,2,1.54,4.83,0%,0%,
216,des moines farmers market hours,500,Low,1,Time-qualified,now,discovery,recurring,/events/this-weekend,live,requires-freshness,2,0.01,0.04,0%,-90%,
216,des moines restaurants open christmas day,500,Low,0,Restaurant-practical,,logistics,evergreen,/restaurants/open-now,live,needs-hours-data-cvb-lacks,2,,,0%,0%,
216,des moines restaurants open thanksgiving,500,Low,0,Restaurant-practical,,logistics,evergreen,/restaurants/open-now,live,needs-hours-data-cvb-lacks,2,,,0%,0%,
216,best sushi in des moines,500,Low,10,Restaurant-cuisine,sushi,discovery,evergreen,/restaurants,live,cvb-lists-does-not-rank,2,,,0%,0%,
216,best steakhouse in des moines,500,Low,24,Restaurant-cuisine,steakhouse,discovery,evergreen,/restaurants,live,cvb-lists-does-not-rank,2,0.49,1.23,0%,0%,
216,best bbq in des moines,500,Low,6,Restaurant-cuisine,bbq,discovery,evergreen,/restaurants,live,cvb-lists-does-not-rank,2,0.01,0.49,0%,0%,
216,best mexican in des moines,500,Low,12,Restaurant-cuisine,mexican,discovery,evergreen,/restaurants,live,cvb-lists-does-not-rank,2,0.01,0.40,0%,0%,
216,best italian in des moines,500,Low,16,Restaurant-cuisine,italian,discovery,evergreen,/restaurants,live,cvb-lists-does-not-rank,2,,,0%,900%,
216,best seafood in des moines,500,Low,21,Restaurant-cuisine,seafood,discovery,evergreen,/restaurants,live,cvb-lists-does-not-rank,2,,,0%,0%,
216,best fried chicken in des moines,500,Low,2,Restaurant-cuisine,fried chicken,discovery,evergreen,/restaurants,live,cvb-lists-does-not-rank,2,,,0%,0%,
216,best brunch in des moines,500,Low,11,Restaurant-cuisine,brunch,discovery,evergreen,/restaurants,live,cvb-lists-does-not-rank,2,,,0%,0%,
216,best ice cream in des moines,500,Low,9,Restaurant-cuisine,ice cream,discovery,evergreen,/restaurants,live,cvb-lists-does-not-rank,2,1.48,2.40,0%,0%,
216,best coffee shops in des moines,500,Low,6,Restaurant-cuisine,coffee shops,discovery,evergreen,/restaurants,live,cvb-lists-does-not-rank,2,,,0%,0%,
216,best bakery in des moines,500,Low,14,Restaurant-cuisine,bakery,discovery,evergreen,/restaurants,live,cvb-lists-does-not-rank,2,,,0%,0%,
216,new years eve des moines,500,Low,0,Seasonal,winter,discovery,seasonal-winter,/articles,live,seasonal-editorial-cvb-thin,2,,,∞,0%,
216,world food and music festival des moines,500,Low,1,Seasonal,fall,discovery,seasonal-fall,/articles,live,seasonal-editorial-cvb-thin,2,0.04,4.02,0%,0%,
216,neal smith trail des moines,500,Low,1,Outdoors,,discovery,evergreen,/outdoors,live,cvb-thin-on-trails-and-parks,2,,,900%,0%,
216,disc golf des moines,500,Low,16,Outdoors,,discovery,evergreen,/outdoors,live,cvb-thin-on-trails-and-parks,2,,,0%,0%,
216,state parks near des moines,500,Low,8,Outdoors,,discovery,evergreen,/outdoors,live,cvb-thin-on-trails-and-parks,2,,,0%,0%,
216,wineries near des moines,500,Low,15,Nightlife,,discovery,evergreen,/breweries,live,cvb-lists-does-not-rank,2,0.71,1.01,0%,0%,
216,karaoke des moines,500,Low,2,Nightlife,,discovery,evergreen,/breweries,live,cvb-lists-does-not-rank,2,,,0%,0%,
216,des moines menace schedule,500,Low,0,Sports,,discovery,recurring,/sports,live,requires-freshness,2,,,0%,0%,
216,iowa state fair shuttle,500,Low,0,Iowa-State-Fair,,logistics,seasonal-summer,/iowa-state-fair,live,no-one-answers-logistics,2,,,0%,900%,
216,iowa state fair tickets discount,500,Low,1,Iowa-State-Fair,,logistics,seasonal-summer,/iowa-state-fair,live,no-one-answers-logistics,2,1.08,5.68,-90%,900%,
207,downtown des moines bars,5000,Low,2,Neighborhoods,Downtown,discovery,evergreen,/nightlife/downtown,route-exists-no-content,cvb-has-no-neighborhood-pages,2,,,0%,0%,
202,whats happening in des moines today,500,Medium,52,Time-qualified,now,discovery,recurring,/events/today,live,requires-freshness,1,0.41,1.29,0%,0%,
194,romantic restaurants des moines,500,Low,33,Restaurant-occasion,,discovery,evergreen,/restaurants/date-night,pseo-slug,cvb-lists-does-not-rank,2,0.50,2.57,0%,0%,
189,things to do in urbandale iowa,500,Low,19,Suburbs,Urbandale,discovery,evergreen,/things-to-do/urbandale,route-exists-no-content,suburb-out-of-cvb-scope,1,0.17,2.72,0%,0%,
189,best restaurants in urbandale,500,Low,10,Suburbs,Urbandale,discovery,evergreen,/restaurants/urbandale,route-exists-no-content,suburb-out-of-cvb-scope,1,0.02,0.76,0%,0%,
189,things to do in waukee iowa,500,Low,9,Suburbs,Waukee,discovery,evergreen,/things-to-do/waukee,route-exists-no-content,suburb-out-of-cvb-scope,1,0.41,3.49,0%,0%,
189,best restaurants in waukee,500,Low,13,Suburbs,Waukee,discovery,evergreen,/restaurants/waukee,route-exists-no-content,suburb-out-of-cvb-scope,1,0.19,1.79,0%,0%,
189,things to do in johnston iowa,500,Low,17,Suburbs,Johnston,discovery,evergreen,/things-to-do/johnston,route-exists-no-content,suburb-out-of-cvb-scope,1,0.96,3.43,0%,0%,
189,things to do in altoona iowa,500,Low,22,Suburbs,Altoona,discovery,evergreen,/things-to-do/altoona,route-exists-no-content,suburb-out-of-cvb-scope,1,0.44,2.72,0%,0%,
189,things to do in grimes iowa,500,Low,11,Suburbs,Grimes,discovery,evergreen,/things-to-do/grimes,route-exists-no-content,suburb-out-of-cvb-scope,1,0.53,2.06,0%,0%,
189,things to do in norwalk iowa,500,Low,6,Suburbs,Norwalk,discovery,evergreen,/things-to-do/norwalk,route-exists-no-content,suburb-out-of-cvb-scope,1,0.38,0.84,0%,0%,
189,restaurants in pleasant hill iowa,500,Low,11,Suburbs,Pleasant Hill,discovery,evergreen,/restaurants/pleasant-hill,route-exists-no-content,suburb-out-of-cvb-scope,1,,,0%,0%,
189,best restaurants in pleasant hill,500,Low,16,Suburbs,Pleasant Hill,discovery,evergreen,/restaurants/pleasant-hill,route-exists-no-content,suburb-out-of-cvb-scope,1,0.13,0.97,0%,0%,
189,restaurants in windsor heights iowa,500,Low,12,Suburbs,Windsor Heights,discovery,evergreen,/restaurants/windsor-heights,route-exists-no-content,suburb-out-of-cvb-scope,1,,,0%,0%,
189,rooftop bars des moines,500,Low,6,Restaurant-practical,,logistics,evergreen,/nightlife/downtown,route-exists-no-content,needs-hours-data-cvb-lacks,1,,,0%,0%,
189,iowa events center parking,500,Low,1,Venue-logistics,Iowa Events Center,logistics,evergreen,/music/venues/iowa-events-center,route-exists-no-content,no-one-answers-logistics,1,,,0%,0%,
189,des moines civic center parking,500,Low,4,Venue-logistics,Des Moines Civic Center,logistics,evergreen,/music/venues/des-moines-civic-center,route-exists-no-content,no-one-answers-logistics,1,,,-90%,-90%,
189,restaurants near des moines civic center,500,Low,13,Venue-logistics,Des Moines Civic Center,logistics,evergreen,/music/venues/des-moines-civic-center,route-exists-no-content,no-one-answers-logistics,1,,,-90%,0%,
189,principal park parking,500,Low,2,Venue-logistics,Principal Park,logistics,evergreen,/music/venues/principal-park,route-exists-no-content,no-one-answers-logistics,1,0.36,4.70,0%,0%,
185,jester park,5000,Low,3,Outdoors,,discovery,evergreen,/outdoors,live,cvb-thin-on-trails-and-parks,3,0.41,0.52,0%,0%,
185,big creek state park,5000,Low,1,Outdoors,,discovery,evergreen,/outdoors,live,cvb-thin-on-trails-and-parks,3,,,0%,-90%,
185,drake relays,5000,Low,0,Sports,,discovery,recurring,/sports,live,requires-freshness,3,,,0%,-90%,
185,places to eat in des moines,5000,Low,9,Control-head-term,,discovery,evergreen,/,live,cvb-dominates-do-not-target,3,0.14,2.67,0%,0%,baseline only; ranks 30-57 today with zero clicks
170,urbandale iowa events,50,Low,1,Suburbs,Urbandale,discovery,recurring,/events/urbandale,live,suburb-out-of-cvb-scope,1,,,0%,0%,
170,altoona iowa events,50,Low,0,Suburbs,Altoona,discovery,recurring,/events/altoona,live,suburb-out-of-cvb-scope,1,,,0%,0%,
170,windsor heights iowa events,50,Low,0,Suburbs,Windsor Heights,discovery,recurring,/events/windsor-heights,live,suburb-out-of-cvb-scope,1,,,0%,0%,
170,free things to do in des moines this weekend,50,Low,4,Time-qualified,now,discovery,recurring,/events/free,live,requires-freshness,1,,,0%,0%,
170,best playgrounds in des moines,50,Low,13,Family,,discovery,evergreen,/playgrounds,live,cvb-targets-visitors-not-parents,1,,,-90%,-90%,
170,best parks in west des moines,50,Low,2,Family,,discovery,evergreen,/playgrounds,live,cvb-targets-visitors-not-parents,1,,,0%,0%,
170,best parks in ankeny,50,Low,0,Family,,discovery,evergreen,/playgrounds,live,cvb-targets-visitors-not-parents,1,,,0%,0%,
170,des moines restaurants open sunday,50,Low,2,Restaurant-practical,,logistics,evergreen,/restaurants/open-now,live,needs-hours-data-cvb-lacks,1,,,0%,0%,
170,best patio restaurants des moines,50,Low,7,Restaurant-practical,,logistics,evergreen,/restaurants,live,needs-hours-data-cvb-lacks,1,,,-90%,-90%,
170,dog friendly patios des moines,50,Low,0,Restaurant-practical,,logistics,evergreen,/restaurants,live,needs-hours-data-cvb-lacks,1,,,-90%,-90%,
170,keto friendly restaurants des moines,50,Low,0,Restaurant-dietary,keto friendly,discovery,evergreen,/restaurants/dietary,live,needs-attribute-data-cvb-lacks,1,,,0%,∞,
170,new restaurants des moines 2026,50,Low,14,Restaurant-occasion,,discovery,evergreen,/restaurants,live,cvb-lists-does-not-rank,1,,,∞,0%,
170,apple orchards near des moines,50,Low,0,Seasonal,fall,discovery,seasonal-fall,/articles,live,seasonal-editorial-cvb-thin,1,,,0%,0%,
170,corn maze des moines,50,Low,0,Seasonal,fall,discovery,seasonal-fall,/articles,live,seasonal-editorial-cvb-thin,1,,,0%,0%,
170,holiday events des moines,50,Low,4,Seasonal,winter,discovery,seasonal-winter,/articles,live,seasonal-editorial-cvb-thin,1,,,0%,0%,
170,best bike trails des moines,50,Low,4,Outdoors,,discovery,evergreen,/outdoors,live,cvb-thin-on-trails-and-parks,1,,,0%,0%,
170,best hiking near des moines,50,Low,1,Outdoors,,discovery,evergreen,/outdoors,live,cvb-thin-on-trails-and-parks,1,,,0%,0%,
170,live music venues des moines,50,Low,8,Nightlife,,discovery,evergreen,/breweries,live,cvb-lists-does-not-rank,1,,,0%,0%,
170,is des moines worth visiting,50,Low,14,Question-AI,,research,evergreen,/visitors-guide,live,answer-format-cvb-does-not-publish,1,,,0%,0%,
170,best time to visit des moines,50,Low,0,Question-AI,,research,evergreen,/visitors-guide,live,answer-format-cvb-does-not-publish,1,,,0%,0%,
162,hotels near wells fargo arena,500,Medium,38,Venue-logistics,Wells Fargo Arena,transactional,evergreen,/stay,live,no-one-answers-logistics,2,1.66,4.42,-90%,-90%,
162,hotels near iowa events center,500,Medium,64,Venue-logistics,Iowa Events Center,transactional,evergreen,/stay,live,no-one-answers-logistics,2,1.80,5.65,0%,0%,
162,campgrounds near des moines,500,Medium,40,Outdoors,,discovery,evergreen,/outdoors,live,cvb-thin-on-trails-and-parks,2,0.19,1.53,0%,0%,
162,unique things to do in des moines,500,Medium,64,Question-AI,,research,evergreen,/things-to-do,live,answer-format-cvb-does-not-publish,2,0.29,5.55,0%,0%,
153,des moines events august 2026,50,Low,27,Time-qualified,august,discovery,monthly,/events/august,pseo-slug,requires-freshness,1,0.09,1.74,∞,∞,
151,breakfast in altoona iowa,500,Low,22,Suburbs,Altoona,discovery,evergreen,/restaurants/altoona,route-exists-no-content,suburb-out-of-cvb-scope,2,,,0%,0%,
151,east village des moines bars,500,Low,2,Neighborhoods,East Village,discovery,evergreen,/nightlife/east-village,route-exists-no-content,cvb-has-no-neighborhood-pages,2,,,0%,0%,
151,des moines civic center schedule,500,Low,30,Venue-logistics,Des Moines Civic Center,discovery,recurring,/music/venues/des-moines-civic-center,route-exists-no-content,no-one-answers-logistics,2,0.23,0.86,0%,0%,
151,wooly's schedule,500,Low,15,Venue-logistics,Wooly's,discovery,recurring,/music/venues/woolys,route-exists-no-content,no-one-answers-logistics,2,0.15,0.61,900%,0%,
146,birthday party places des moines,500,Medium,44,Family,,discovery,evergreen,/things-to-do/families,pseo-slug,cvb-targets-visitors-not-parents,2,0.78,3.35,-90%,0%,
142,things to do in indianola iowa,500,Medium,58,Suburbs,Indianola,discovery,evergreen,/things-to-do/indianola,route-exists-no-content,suburb-out-of-cvb-scope,1,0.06,1.13,0%,0%,
139,wedding venues des moines,5000,Medium,52,Group-and-venue-hire,,transactional,evergreen,/group-travel,live,contested-measure-before-committing,3,0.35,2.50,0%,0%,
136,parks in grimes iowa,50,Low,1,Suburbs,Grimes,discovery,evergreen,/playgrounds,live,suburb-out-of-cvb-scope,2,,,0%,0%,
136,parks in norwalk iowa,50,Low,0,Suburbs,Norwalk,discovery,evergreen,/playgrounds,live,suburb-out-of-cvb-scope,2,,,0%,0%,
136,parks in pleasant hill iowa,50,Low,1,Suburbs,Pleasant Hill,discovery,evergreen,/playgrounds,live,suburb-out-of-cvb-scope,2,,,0%,0%,
136,parks in indianola iowa,50,Low,0,Suburbs,Indianola,discovery,evergreen,/playgrounds,live,suburb-out-of-cvb-scope,2,,,-90%,0%,
136,parks in adel iowa,50,Low,4,Suburbs,Adel,discovery,evergreen,/playgrounds,live,suburb-out-of-cvb-scope,2,,,0%,0%,
136,des moines pools open,50,Low,0,Family,,discovery,evergreen,/outdoors,live,cvb-targets-visitors-not-parents,2,,,0%,0%,
136,24 hour restaurants des moines,50,Low,7,Restaurant-practical,,logistics,evergreen,/restaurants/open-now,live,needs-hours-data-cvb-lacks,2,,,0%,0%,
136,restaurants with private rooms des moines,50,Low,19,Restaurant-practical,,logistics,evergreen,/restaurants,live,needs-hours-data-cvb-lacks,2,1.73,8.79,-90%,0%,
136,best tacos in des moines,50,Low,6,Restaurant-cuisine,tacos,discovery,evergreen,/restaurants,live,cvb-lists-does-not-rank,2,,,0%,0%,
136,best chinese in des moines,50,Low,12,Restaurant-cuisine,chinese,discovery,evergreen,/restaurants,live,cvb-lists-does-not-rank,2,,,900%,0%,
136,best sandwiches in des moines,50,Low,8,Restaurant-cuisine,sandwiches,discovery,evergreen,/restaurants,live,cvb-lists-does-not-rank,2,,,0%,0%,
136,best ramen in des moines,50,Low,19,Restaurant-cuisine,ramen,discovery,evergreen,/restaurants,live,cvb-lists-does-not-rank,2,,,0%,0%,
136,best donuts in des moines,50,Low,18,Restaurant-cuisine,donuts,discovery,evergreen,/restaurants,live,cvb-lists-does-not-rank,2,,,-90%,0%,
136,best food trucks in des moines,50,Low,4,Restaurant-cuisine,food trucks,discovery,evergreen,/restaurants,live,cvb-lists-does-not-rank,2,,,0%,0%,
136,outdoor movies des moines,50,Low,2,Seasonal,summer,discovery,seasonal-summer,/articles,live,seasonal-editorial-cvb-thin,2,,,0%,0%,
136,st patricks day des moines,50,Low,0,Seasonal,spring,discovery,seasonal-spring,/articles,live,seasonal-editorial-cvb-thin,2,,,0%,0%,
136,high trestle trail bike rental,50,Low,0,Outdoors,,discovery,evergreen,/outdoors,live,cvb-thin-on-trails-and-parks,2,,,0%,0%,
136,great western trail des moines,50,Low,5,Outdoors,,discovery,evergreen,/outdoors,live,cvb-thin-on-trails-and-parks,2,,,0%,0%,
136,kayaking des moines,50,Low,26,Outdoors,,discovery,evergreen,/outdoors,live,cvb-thin-on-trails-and-parks,2,0.76,2.06,0%,0%,
136,fishing near des moines,50,Low,0,Outdoors,,discovery,evergreen,/outdoors,live,cvb-thin-on-trails-and-parks,2,,,0%,0%,
136,brewery tour des moines,50,Low,5,Nightlife,,discovery,evergreen,/breweries,live,cvb-lists-does-not-rank,2,,,0%,0%,
136,trivia night des moines,50,Low,2,Nightlife,,discovery,evergreen,/breweries,live,cvb-lists-does-not-rank,2,,,-90%,0%,
136,is the iowa state fair worth it,50,Low,0,Question-AI,,research,evergreen,/iowa-state-fair,live,answer-format-cvb-does-not-publish,2,,,0%,0%,
136,hidden gems des moines,50,Low,4,Question-AI,,research,evergreen,/things-to-do,live,answer-format-cvb-does-not-publish,2,,,0%,0%,
135,des moines events tonight,500,High,100,Time-qualified,now,discovery,recurring,/events/today,live,requires-freshness,1,0.40,2.90,0%,0%,
135,80 35 music festival,500,Low,0,Seasonal,summer,discovery,seasonal-summer,/articles,live,seasonal-editorial-cvb-thin,3,,,0%,0%,
135,des moines nightlife,500,Low,3,Nightlife,,discovery,evergreen,/breweries,live,cvb-lists-does-not-rank,3,,,0%,0%,
135,dive bars des moines,500,Low,5,Nightlife,,discovery,evergreen,/breweries,live,cvb-lists-does-not-rank,3,,,0%,0%,
135,iowa barnstormers schedule,500,Low,18,Sports,,discovery,recurring,/sports,live,requires-freshness,3,0.08,0.39,0%,0%,
135,hotels near iowa state fairgrounds,500,High,82,Hotels-event-adjacent,,transactional,evergreen,/stay,live,event-context-ota-lacks,1,1.40,4.07,0%,900%,
130,mothers day brunch des moines,500,No data,,Seasonal,spring,discovery,seasonal-spring,/articles,live,seasonal-editorial-cvb-thin,2,,,0%,-100%,
127,johnston iowa events,50,Medium,36,Suburbs,Johnston,discovery,recurring,/events/johnston,live,suburb-out-of-cvb-scope,1,,,0%,0%,
122,water park near des moines,50,Low,10,Family,,discovery,evergreen,/things-to-do/families,pseo-slug,cvb-targets-visitors-not-parents,2,0.87,4.16,0%,0%,
122,cheap eats des moines,50,Low,15,Restaurant-occasion,,discovery,evergreen,/restaurants/budget,pseo-slug,cvb-lists-does-not-rank,2,,,0%,0%,
122,cheap things to do in des moines,50,Low,25,Question-AI,,research,evergreen,/things-to-do/budget,pseo-slug,answer-format-cvb-does-not-publish,2,0.35,3.01,900%,900%,
121,things to do in downtown des moines,500,High,96,Neighborhoods,Downtown,discovery,evergreen,/things-to-do/downtown,pseo-slug,cvb-has-no-neighborhood-pages,1,0.18,2.67,0%,0%,
119,best restaurants in johnston,50,Low,8,Suburbs,Johnston,discovery,evergreen,/restaurants/johnston,route-exists-no-content,suburb-out-of-cvb-scope,1,,,0%,0%,
119,grimes iowa events,50,Low,0,Suburbs,Grimes,discovery,recurring,/events/grimes,route-exists-no-content,suburb-out-of-cvb-scope,1,,,0%,0%,
119,norwalk iowa events,50,Low,2,Suburbs,Norwalk,discovery,recurring,/events/norwalk,route-exists-no-content,suburb-out-of-cvb-scope,1,,,0%,0%,
119,things to do in pleasant hill iowa,50,Low,21,Suburbs,Pleasant Hill,discovery,evergreen,/things-to-do/pleasant-hill,route-exists-no-content,suburb-out-of-cvb-scope,1,,,0%,0%,
119,pleasant hill iowa events,50,Low,0,Suburbs,Pleasant Hill,discovery,recurring,/events/pleasant-hill,route-exists-no-content,suburb-out-of-cvb-scope,1,,,0%,0%,
119,things to do in bondurant iowa,50,Low,1,Suburbs,Bondurant,discovery,evergreen,/things-to-do/bondurant,route-exists-no-content,suburb-out-of-cvb-scope,1,,,0%,0%,
119,bondurant iowa events,50,Low,0,Suburbs,Bondurant,discovery,recurring,/events/bondurant,route-exists-no-content,suburb-out-of-cvb-scope,1,,,0%,0%,
119,things to do in adel iowa,50,Low,4,Suburbs,Adel,discovery,evergreen,/things-to-do/adel,route-exists-no-content,suburb-out-of-cvb-scope,1,,,-90%,0%,
119,adel iowa events,50,Low,0,Suburbs,Adel,discovery,recurring,/events/adel,route-exists-no-content,suburb-out-of-cvb-scope,1,,,0%,0%,
119,things to do in polk city iowa,50,Low,0,Suburbs,Polk City,discovery,evergreen,/things-to-do/polk-city,route-exists-no-content,suburb-out-of-cvb-scope,1,,,-90%,0%,
119,polk city iowa events,50,Low,4,Suburbs,Polk City,discovery,recurring,/events/polk-city,route-exists-no-content,suburb-out-of-cvb-scope,1,,,0%,0%,
119,court avenue des moines restaurants,50,Low,5,Neighborhoods,Court Avenue,discovery,evergreen,/restaurants/court-avenue,route-exists-no-content,cvb-has-no-neighborhood-pages,1,,,0%,0%,
119,highland park des moines restaurants,50,Low,4,Neighborhoods,Highland Park,discovery,evergreen,/restaurants/highland-park,route-exists-no-content,cvb-has-no-neighborhood-pages,1,,,0%,0%,
119,des moines events may 2026,50,Low,0,Time-qualified,may,discovery,monthly,/events/may,route-exists-no-content,requires-freshness,1,,,∞,-90%,
119,des moines events june 2026,50,Low,0,Time-qualified,june,discovery,monthly,/events/june,route-exists-no-content,requires-freshness,1,,,∞,0%,
119,des moines events july 2026,50,Low,13,Time-qualified,july,discovery,monthly,/events/july,route-exists-no-content,requires-freshness,1,0.27,1.34,∞,∞,
119,wells fargo arena parking,50,Low,10,Venue-logistics,Wells Fargo Arena,logistics,evergreen,/music/venues/wells-fargo-arena,route-exists-no-content,no-one-answers-logistics,1,,,-90%,0%,
119,restaurants near wells fargo arena,50,Low,13,Venue-logistics,Wells Fargo Arena,logistics,evergreen,/music/venues/wells-fargo-arena,route-exists-no-content,no-one-answers-logistics,1,,,0%,0%,
119,restaurants near iowa events center,50,Low,10,Venue-logistics,Iowa Events Center,logistics,evergreen,/music/venues/iowa-events-center,route-exists-no-content,no-one-answers-logistics,1,,,0%,0%,
119,hoyt sherman place parking,50,Low,0,Venue-logistics,Hoyt Sherman Place,logistics,evergreen,/music/venues/hoyt-sherman-place,route-exists-no-content,no-one-answers-logistics,1,,,0%,0%,
119,restaurants near hoyt sherman place,50,Low,11,Venue-logistics,Hoyt Sherman Place,logistics,evergreen,/music/venues/hoyt-sherman-place,route-exists-no-content,no-one-answers-logistics,1,,,0%,0%,
119,val air ballroom parking,50,Low,2,Venue-logistics,Val Air Ballroom,logistics,evergreen,/music/venues/val-air-ballroom,route-exists-no-content,no-one-answers-logistics,1,,,0%,0%,
119,restaurants near val air ballroom,50,Low,9,Venue-logistics,Val Air Ballroom,logistics,evergreen,/music/venues/val-air-ballroom,route-exists-no-content,no-one-answers-logistics,1,,,0%,0%,
119,xbk live parking,50,Low,0,Venue-logistics,xBk Live,logistics,evergreen,/music/venues/xbk-live,route-exists-no-content,no-one-answers-logistics,1,,,0%,0%,
119,lauridsen amphitheater parking,50,Low,0,Venue-logistics,Lauridsen Amphitheater,logistics,evergreen,/music/venues/lauridsen-amphitheater,route-exists-no-content,no-one-answers-logistics,1,,,-90%,0%,
119,vibrant music hall parking,50,Low,3,Venue-logistics,Vibrant Music Hall,logistics,evergreen,/music/venues/vibrant-music-hall,route-exists-no-content,no-one-answers-logistics,1,0.79,20.55,900%,900%,
119,restaurants near vibrant music hall,50,Low,19,Venue-logistics,Vibrant Music Hall,logistics,evergreen,/music/venues/vibrant-music-hall,route-exists-no-content,no-one-answers-logistics,1,,,0%,0%,
119,restaurants near principal park,50,Low,14,Venue-logistics,Principal Park,logistics,evergreen,/music/venues/principal-park,route-exists-no-content,no-one-answers-logistics,1,0.55,3.24,0%,0%,
117,things to do in des moines,50000,High,87,Control-head-term,,discovery,evergreen,/,live,cvb-dominates-do-not-target,3,0.06,2.06,0%,0%,baseline only; ranks 30-57 today with zero clicks
117,des moines attractions,50000,High,87,Control-head-term,,discovery,evergreen,/,live,cvb-dominates-do-not-target,3,0.06,2.06,0%,0%,baseline only; ranks 30-57 today with zero clicks
113,hoyt sherman place schedule,500,Medium,43,Venue-logistics,Hoyt Sherman Place,discovery,recurring,/music/venues/hoyt-sherman-place,route-exists-no-content,no-one-answers-logistics,2,0.47,1.87,0%,0%,
108,hotels near hoyt sherman place,500,High,92,Venue-logistics,Hoyt Sherman Place,transactional,evergreen,/stay,live,no-one-answers-logistics,2,0.95,3.23,0%,0%,
108,hotels near val air ballroom,500,High,68,Venue-logistics,Val Air Ballroom,transactional,evergreen,/stay,live,no-one-answers-logistics,2,1.12,3.41,0%,0%,
108,hotels near principal park,500,High,86,Venue-logistics,Principal Park,transactional,evergreen,/stay,live,no-one-answers-logistics,2,1.20,3.31,0%,0%,
108,hotels near drake university,500,High,97,Hotels-event-adjacent,,transactional,evergreen,/stay,live,event-context-ota-lacks,2,2.29,6.12,900%,900%,
108,pet friendly hotels des moines,500,High,70,Hotels-event-adjacent,,transactional,evergreen,/stay,live,event-context-ota-lacks,2,1.14,3.60,0%,900%,
102,one day in des moines,50,Medium,44,Question-AI,,research,evergreen,/itineraries,live,answer-format-cvb-does-not-publish,2,,,0%,0%,
102,group activities des moines,50,Medium,65,Group-and-venue-hire,,transactional,evergreen,/group-travel,live,contested-measure-before-committing,2,1.59,5.40,0%,0%,
101,event venues des moines,500,Medium,43,Group-and-venue-hire,,transactional,evergreen,/group-travel,live,contested-measure-before-committing,3,0.98,8.54,0%,0%,
95,breakfast in waukee iowa,50,Low,19,Suburbs,Waukee,discovery,evergreen,/restaurants/waukee,route-exists-no-content,suburb-out-of-cvb-scope,2,,,0%,0%,
95,breakfast in johnston iowa,50,Low,27,Suburbs,Johnston,discovery,evergreen,/restaurants/johnston,route-exists-no-content,suburb-out-of-cvb-scope,2,,,∞,0%,
95,breakfast in grimes iowa,50,Low,17,Suburbs,Grimes,discovery,evergreen,/restaurants/grimes,route-exists-no-content,suburb-out-of-cvb-scope,2,,,0%,0%,
95,breakfast in norwalk iowa,50,Low,13,Suburbs,Norwalk,discovery,evergreen,/restaurants/norwalk,route-exists-no-content,suburb-out-of-cvb-scope,2,,,0%,0%,
95,breakfast in indianola iowa,50,Low,7,Suburbs,Indianola,discovery,evergreen,/restaurants/indianola,route-exists-no-content,suburb-out-of-cvb-scope,2,,,0%,0%,
95,things to do in des moines in april,50,Low,0,Time-qualified,april,discovery,monthly,/things-to-do/april,route-exists-no-content,requires-freshness,2,,,0%,0%,
95,wells fargo arena schedule,50,Low,15,Venue-logistics,Wells Fargo Arena,discovery,recurring,/music/venues/wells-fargo-arena,route-exists-no-content,no-one-answers-logistics,2,,,-90%,0%,
95,iowa events center schedule,50,Low,16,Venue-logistics,Iowa Events Center,discovery,recurring,/music/venues/iowa-events-center,route-exists-no-content,no-one-answers-logistics,2,0.09,0.88,0%,0%,
95,val air ballroom schedule,50,Low,23,Venue-logistics,Val Air Ballroom,discovery,recurring,/music/venues/val-air-ballroom,route-exists-no-content,no-one-answers-logistics,2,0.32,0.91,0%,0%,
95,xbk live schedule,50,Low,4,Venue-logistics,xBk Live,discovery,recurring,/music/venues/xbk-live,route-exists-no-content,no-one-answers-logistics,2,,,∞,0%,
95,vibrant music hall schedule,50,Low,32,Venue-logistics,Vibrant Music Hall,discovery,recurring,/music/venues/vibrant-music-hall,route-exists-no-content,no-one-answers-logistics,2,0.18,0.67,0%,0%,
95,principal park schedule,50,Low,25,Venue-logistics,Principal Park,discovery,recurring,/music/venues/principal-park,route-exists-no-content,no-one-answers-logistics,2,0.09,0.27,0%,0%,
94,things to do in clive iowa,500,High,72,Suburbs,Clive,discovery,evergreen,/things-to-do/clive,route-exists-no-content,suburb-out-of-cvb-scope,1,,,-90%,-90%,
92,des moines events,5000,High,100,Control-head-term,,discovery,evergreen,/,live,cvb-dominates-do-not-target,3,0.39,2.24,0%,0%,baseline only; ranks 30-57 today with zero clicks
92,things to do in des moines this weekend,5000,High,100,Control-head-term,,discovery,evergreen,/,live,cvb-dominates-do-not-target,3,0.22,2.28,0%,0%,baseline only; ranks 30-57 today with zero clicks
92,fun things to do in des moines,5000,High,95,Control-head-term,,discovery,evergreen,/,live,cvb-dominates-do-not-target,3,0.34,3.34,0%,0%,baseline only; ranks 30-57 today with zero clicks
92,what to do in des moines in winter,50,No data,,Question-AI,,research,evergreen,/things-to-do/winter,pseo-slug,answer-format-cvb-does-not-publish,1,,,0%,0%,
91,summer camps des moines,500,Medium,52,Family,,discovery,evergreen,/things-to-do/families,pseo-slug,cvb-targets-visitors-not-parents,3,1.80,5.81,0%,0%,
89,indianola iowa events,50,Medium,48,Suburbs,Indianola,discovery,recurring,/events/indianola,route-exists-no-content,suburb-out-of-cvb-scope,1,,,-90%,0%,
85,west des moines iowa events,50,High,100,Suburbs,West Des Moines,discovery,recurring,/events/west-des-moines,live,suburb-out-of-cvb-scope,1,0.43,2.90,-90%,0%,
85,clive iowa events,50,High,70,Suburbs,Clive,discovery,recurring,/events/clive,live,suburb-out-of-cvb-scope,1,,,0%,0%,
85,des moines events next weekend,50,High,100,Time-qualified,now,discovery,recurring,/events/this-weekend,live,requires-freshness,1,0.13,1.15,0%,0%,
85,des moines library story time,50,Low,0,Family,,discovery,evergreen,/events/kids,live,cvb-targets-visitors-not-parents,3,,,0%,0%,
85,waterfalls near des moines,50,Low,2,Outdoors,,discovery,evergreen,/outdoors,live,cvb-thin-on-trails-and-parks,3,,,0%,0%,
85,scenic drives near des moines,50,Low,0,Outdoors,,discovery,evergreen,/outdoors,live,cvb-thin-on-trails-and-parks,3,,,0%,0%,
85,dueling pianos des moines,50,Low,17,Nightlife,,discovery,evergreen,/breweries,live,cvb-lists-does-not-rank,3,1.01,6.35,900%,900%,
85,bachelorette party des moines,50,Low,13,Group-and-venue-hire,,transactional,evergreen,/group-travel,live,contested-measure-before-committing,3,,,0%,0%,
82,sledding hills des moines,50,No data,,Family,,discovery,evergreen,/outdoors,live,cvb-targets-visitors-not-parents,2,,,-100%,0%,
82,fall colors near des moines,50,No data,,Seasonal,fall,discovery,seasonal-fall,/articles,live,seasonal-editorial-cvb-thin,2,,,0%,0%,
82,easter egg hunts des moines,50,No data,,Seasonal,spring,discovery,seasonal-spring,/articles,live,seasonal-editorial-cvb-thin,2,,,-100%,0%,
82,valentines day des moines,50,No data,,Seasonal,winter,discovery,seasonal-winter,/articles,live,seasonal-editorial-cvb-thin,2,,,-100%,-100%,
76,things to do in east village des moines,50,High,100,Neighborhoods,East Village,discovery,evergreen,/things-to-do/east-village,pseo-slug,cvb-has-no-neighborhood-pages,1,,,0%,0%,
71,des moines events january 2026,50,No data,,Time-qualified,january,discovery,monthly,/events/january,route-exists-no-content,requires-freshness,1,,,0%,-100%,
71,things to do in des moines in january,50,Medium,33,Time-qualified,january,discovery,monthly,/things-to-do/january,route-exists-no-content,requires-freshness,2,,,∞,∞,
71,des moines events february 2026,50,No data,,Time-qualified,february,discovery,monthly,/events/february,route-exists-no-content,requires-freshness,1,,,0%,0%,
71,des moines events march 2026,50,No data,,Time-qualified,march,discovery,monthly,/events/march,route-exists-no-content,requires-freshness,1,,,0%,0%,
71,des moines events april 2026,50,No data,,Time-qualified,april,discovery,monthly,/events/april,route-exists-no-content,requires-freshness,1,,,0%,-100%,
68,what to do in des moines tomorrow,50,High,100,Time-qualified,now,discovery,recurring,/events/today,live,requires-freshness,2,0.19,1.90,0%,0%,
68,hotels near des moines civic center,50,High,100,Venue-logistics,Des Moines Civic Center,transactional,evergreen,/stay,live,no-one-answers-logistics,2,0.91,3.34,0%,0%,
68,hotels near lauridsen amphitheater,50,High,67,Venue-logistics,Lauridsen Amphitheater,transactional,evergreen,/stay,live,no-one-answers-logistics,2,,,-90%,0%,
68,hotels near vibrant music hall,50,High,80,Venue-logistics,Vibrant Music Hall,transactional,evergreen,/stay,live,no-one-answers-logistics,2,1.11,3.15,0%,0%,
68,hotels near des moines airport with shuttle,50,High,76,Hotels-event-adjacent,,transactional,evergreen,/stay,live,event-context-ota-lacks,2,1.02,3.12,0%,0%,
61,things to do in des moines in august,50,High,100,Time-qualified,august,discovery,monthly,/things-to-do/august,pseo-slug,requires-freshness,2,0.08,1.57,0%,0%,
61,things to do in des moines in december,50,High,100,Time-qualified,december,discovery,monthly,/things-to-do/december,pseo-slug,requires-freshness,2,,,0%,∞,
59,waukee iowa events,50,High,75,Suburbs,Waukee,discovery,recurring,/events/waukee,route-exists-no-content,suburb-out-of-cvb-scope,1,,,0%,0%,
57,things to do in des moines in march,50,No data,,Time-qualified,march,discovery,monthly,/things-to-do/march,route-exists-no-content,requires-freshness,2,,,-100%,0%,
57,things to do in des moines in may,50,No data,,Time-qualified,may,discovery,monthly,/things-to-do/may,route-exists-no-content,requires-freshness,2,,,-100%,-100%,
57,things to do in des moines in june,50,No data,,Time-qualified,june,discovery,monthly,/things-to-do/june,route-exists-no-content,requires-freshness,2,,,0%,-100%,
48,things to do in des moines in february,50,High,100,Time-qualified,february,discovery,monthly,/things-to-do/february,route-exists-no-content,requires-freshness,2,,,0%,0%,
48,things to do in des moines in july,50,High,100,Time-qualified,july,discovery,monthly,/things-to-do/july,route-exists-no-content,requires-freshness,2,0.47,20.00,0%,0%,
48,things to do in des moines in september,50,High,99,Time-qualified,september,discovery,monthly,/things-to-do/september,route-exists-no-content,requires-freshness,2,0.02,1.12,0%,0%,
48,things to do in des moines in october,50,High,98,Time-qualified,october,discovery,monthly,/things-to-do/october,route-exists-no-content,requires-freshness,2,0.04,0.75,0%,0%,
48,things to do in des moines in november,50,High,86,Time-qualified,november,discovery,monthly,/things-to-do/november,route-exists-no-content,requires-freshness,2,,,0%,0%,
42,team building activities des moines,50,High,86,Group-and-venue-hire,,transactional,evergreen,/group-travel,live,contested-measure-before-committing,3,1.87,7.45,0%,0%,
0,breakfast in west des moines iowa,,No data,,Suburbs,West Des Moines,discovery,evergreen,/restaurants/west-des-moines,pseo-slug,suburb-out-of-cvb-scope,2,,,,,
0,breakfast in urbandale iowa,,No data,,Suburbs,Urbandale,discovery,evergreen,/restaurants/urbandale,route-exists-no-content,suburb-out-of-cvb-scope,2,,,,,
0,best restaurants in clive,,No data,,Suburbs,Clive,discovery,evergreen,/restaurants/clive,route-exists-no-content,suburb-out-of-cvb-scope,1,,,,,
0,breakfast in clive iowa,,No data,,Suburbs,Clive,discovery,evergreen,/restaurants/clive,route-exists-no-content,suburb-out-of-cvb-scope,2,,,,,
0,best restaurants in grimes,,No data,,Suburbs,Grimes,discovery,evergreen,/restaurants/grimes,route-exists-no-content,suburb-out-of-cvb-scope,1,,,,,
0,breakfast in pleasant hill iowa,,No data,,Suburbs,Pleasant Hill,discovery,evergreen,/restaurants/pleasant-hill,route-exists-no-content,suburb-out-of-cvb-scope,2,,,,,
0,best restaurants in bondurant,,No data,,Suburbs,Bondurant,discovery,evergreen,/restaurants/bondurant,route-exists-no-content,suburb-out-of-cvb-scope,1,,,,,
0,breakfast in bondurant iowa,,No data,,Suburbs,Bondurant,discovery,evergreen,/restaurants/bondurant,route-exists-no-content,suburb-out-of-cvb-scope,2,,,,,
0,parks in bondurant iowa,,No data,,Suburbs,Bondurant,discovery,evergreen,/playgrounds,live,suburb-out-of-cvb-scope,2,,,,,
0,best restaurants in indianola,,No data,,Suburbs,Indianola,discovery,evergreen,/restaurants/indianola,route-exists-no-content,suburb-out-of-cvb-scope,1,,,,,
0,things to do in windsor heights iowa,,No data,,Suburbs,Windsor Heights,discovery,evergreen,/things-to-do/windsor-heights,route-exists-no-content,suburb-out-of-cvb-scope,1,,,,,
0,best restaurants in windsor heights,,No data,,Suburbs,Windsor Heights,discovery,evergreen,/restaurants/windsor-heights,route-exists-no-content,suburb-out-of-cvb-scope,1,,,,,
0,breakfast in windsor heights iowa,,No data,,Suburbs,Windsor Heights,discovery,evergreen,/restaurants/windsor-heights,route-exists-no-content,suburb-out-of-cvb-scope,2,,,,,
0,parks in windsor heights iowa,,No data,,Suburbs,Windsor Heights,discovery,evergreen,/playgrounds,live,suburb-out-of-cvb-scope,2,,,,,
0,best restaurants in adel,,No data,,Suburbs,Adel,discovery,evergreen,/restaurants/adel,route-exists-no-content,suburb-out-of-cvb-scope,1,,,,,
0,breakfast in adel iowa,,No data,,Suburbs,Adel,discovery,evergreen,/restaurants/adel,route-exists-no-content,suburb-out-of-cvb-scope,2,,,,,
0,best restaurants in polk city,,No data,,Suburbs,Polk City,discovery,evergreen,/restaurants/polk-city,route-exists-no-content,suburb-out-of-cvb-scope,1,,,,,
0,breakfast in polk city iowa,,No data,,Suburbs,Polk City,discovery,evergreen,/restaurants/polk-city,route-exists-no-content,suburb-out-of-cvb-scope,2,,,,,
0,parks in polk city iowa,,No data,,Suburbs,Polk City,discovery,evergreen,/playgrounds,live,suburb-out-of-cvb-scope,2,,,,,
0,things to do in court avenue des moines,,No data,,Neighborhoods,Court Avenue,discovery,evergreen,/things-to-do/court-avenue,route-exists-no-content,cvb-has-no-neighborhood-pages,1,,,,,
0,court avenue des moines bars,,No data,,Neighborhoods,Court Avenue,discovery,evergreen,/nightlife/court-avenue,route-exists-no-content,cvb-has-no-neighborhood-pages,2,,,,,
0,things to do in valley junction des moines,,No data,,Neighborhoods,Valley Junction,discovery,evergreen,/things-to-do/valley-junction,pseo-slug,cvb-has-no-neighborhood-pages,1,,,,,
0,valley junction des moines restaurants,,No data,,Neighborhoods,Valley Junction,discovery,evergreen,/restaurants/valley-junction,pseo-slug,cvb-has-no-neighborhood-pages,1,,,,,
0,valley junction des moines bars,,No data,,Neighborhoods,Valley Junction,discovery,evergreen,/nightlife/valley-junction,route-exists-no-content,cvb-has-no-neighborhood-pages,2,,,,,
0,things to do in beaverdale des moines,,No data,,Neighborhoods,Beaverdale,discovery,evergreen,/things-to-do/beaverdale,route-exists-no-content,cvb-has-no-neighborhood-pages,1,,,,,
0,beaverdale des moines restaurants,,No data,,Neighborhoods,Beaverdale,discovery,evergreen,/restaurants/beaverdale,route-exists-no-content,cvb-has-no-neighborhood-pages,1,,,,,
0,beaverdale des moines bars,,No data,,Neighborhoods,Beaverdale,discovery,evergreen,/nightlife/beaverdale,route-exists-no-content,cvb-has-no-neighborhood-pages,2,,,,,
0,things to do in sherman hill des moines,,No data,,Neighborhoods,Sherman Hill,discovery,evergreen,/things-to-do/sherman-hill,route-exists-no-content,cvb-has-no-neighborhood-pages,1,,,,,
0,sherman hill des moines restaurants,,No data,,Neighborhoods,Sherman Hill,discovery,evergreen,/restaurants/sherman-hill,route-exists-no-content,cvb-has-no-neighborhood-pages,1,,,,,
0,sherman hill des moines bars,,No data,,Neighborhoods,Sherman Hill,discovery,evergreen,/nightlife/sherman-hill,route-exists-no-content,cvb-has-no-neighborhood-pages,2,,,,,
0,things to do in drake des moines,,No data,,Neighborhoods,Drake,discovery,evergreen,/things-to-do/drake,route-exists-no-content,cvb-has-no-neighborhood-pages,1,,,,,
0,drake des moines restaurants,,No data,,Neighborhoods,Drake,discovery,evergreen,/restaurants/drake,route-exists-no-content,cvb-has-no-neighborhood-pages,1,,,,,
0,drake des moines bars,,No data,,Neighborhoods,Drake,discovery,evergreen,/nightlife/drake,route-exists-no-content,cvb-has-no-neighborhood-pages,2,,,,,
0,things to do in ingersoll des moines,,No data,,Neighborhoods,Ingersoll,discovery,evergreen,/things-to-do/ingersoll,route-exists-no-content,cvb-has-no-neighborhood-pages,1,,,,,
0,ingersoll des moines bars,,No data,,Neighborhoods,Ingersoll,discovery,evergreen,/nightlife/ingersoll,route-exists-no-content,cvb-has-no-neighborhood-pages,2,,,,,
0,things to do in highland park des moines,,No data,,Neighborhoods,Highland Park,discovery,evergreen,/things-to-do/highland-park,route-exists-no-content,cvb-has-no-neighborhood-pages,1,,,,,
0,highland park des moines bars,,No data,,Neighborhoods,Highland Park,discovery,evergreen,/nightlife/highland-park,route-exists-no-content,cvb-has-no-neighborhood-pages,2,,,,,
0,things to do in merle hay des moines,,No data,,Neighborhoods,Merle Hay,discovery,evergreen,/things-to-do/merle-hay,route-exists-no-content,cvb-has-no-neighborhood-pages,1,,,,,
0,merle hay des moines restaurants,,No data,,Neighborhoods,Merle Hay,discovery,evergreen,/restaurants/merle-hay,route-exists-no-content,cvb-has-no-neighborhood-pages,1,,,,,
0,merle hay des moines bars,,No data,,Neighborhoods,Merle Hay,discovery,evergreen,/nightlife/merle-hay,route-exists-no-content,cvb-has-no-neighborhood-pages,2,,,,,
0,things to do in grays lake des moines,,No data,,Neighborhoods,Grays Lake,discovery,evergreen,/things-to-do/grays-lake,route-exists-no-content,cvb-has-no-neighborhood-pages,1,,,,,
0,grays lake des moines restaurants,,No data,,Neighborhoods,Grays Lake,discovery,evergreen,/restaurants/grays-lake,route-exists-no-content,cvb-has-no-neighborhood-pages,1,,,,,
0,grays lake des moines bars,,No data,,Neighborhoods,Grays Lake,discovery,evergreen,/nightlife/grays-lake,route-exists-no-content,cvb-has-no-neighborhood-pages,2,,,,,
0,where to stay in des moines neighborhood,,No data,,Neighborhoods,,research,evergreen,/neighborhoods,live,cvb-has-no-neighborhood-pages,2,,,,,
0,des moines events september 2026,,No data,,Time-qualified,september,discovery,monthly,/events/september,route-exists-no-content,requires-freshness,1,,,,,
0,des moines events october 2026,,No data,,Time-qualified,october,discovery,monthly,/events/october,route-exists-no-content,requires-freshness,1,,,,,
0,des moines events november 2026,,No data,,Time-qualified,november,discovery,monthly,/events/november,route-exists-no-content,requires-freshness,1,,,,,
0,des moines events december 2026,,No data,,Time-qualified,december,discovery,monthly,/events/december,pseo-slug,requires-freshness,1,,,,,
0,things to do in des moines this weekend with kids,,No data,,Time-qualified,now,discovery,recurring,/events/kids,live,requires-freshness,1,,,,,
0,des moines events next week,0,No data,,Time-qualified,now,discovery,recurring,/events,live,requires-freshness,2,,,0%,0%,
0,indoor activities for kids des moines,,No data,,Family,,discovery,evergreen,/things-to-do/families,pseo-slug,cvb-targets-visitors-not-parents,1,,,,,
0,free things to do with kids in des moines,,No data,,Family,,discovery,evergreen,/things-to-do/families,pseo-slug,cvb-targets-visitors-not-parents,1,,,,,
0,rainy day activities des moines kids,,No data,,Family,,discovery,evergreen,/things-to-do/families,pseo-slug,cvb-targets-visitors-not-parents,1,,,,,
0,toddler activities des moines,,No data,,Family,,discovery,evergreen,/things-to-do/families,pseo-slug,cvb-targets-visitors-not-parents,1,,,,,
0,kid friendly restaurants des moines,,No data,,Family,,discovery,evergreen,/restaurants/families,pseo-slug,cvb-targets-visitors-not-parents,1,,,,,
0,things to do in des moines with a baby,,No data,,Family,,discovery,evergreen,/things-to-do/families,pseo-slug,cvb-targets-visitors-not-parents,2,,,,,
0,accessible playgrounds des moines,,No data,,Family,,discovery,evergreen,/playgrounds,live,cvb-targets-visitors-not-parents,2,,,,,
0,playgrounds with shade des moines,,No data,,Family,,discovery,evergreen,/playgrounds,live,cvb-targets-visitors-not-parents,2,,,,,
0,restaurants open now des moines,,No data,,Restaurant-practical,,logistics,evergreen,/restaurants/open-now,live,needs-hours-data-cvb-lacks,1,,,,,
0,des moines restaurants open on monday,,No data,,Restaurant-practical,,logistics,evergreen,/restaurants/open-now,live,needs-hours-data-cvb-lacks,1,,,,,
0,restaurants that take reservations des moines,,No data,,Restaurant-practical,,logistics,evergreen,/restaurants,live,needs-hours-data-cvb-lacks,2,,,,,
0,best thai in des moines,,No data,,Restaurant-cuisine,thai,discovery,evergreen,/restaurants,live,cvb-lists-does-not-rank,2,,,,,
0,best vietnamese in des moines,,No data,,Restaurant-cuisine,vietnamese,discovery,evergreen,/restaurants,live,cvb-lists-does-not-rank,2,,,,,
0,best indian in des moines,,No data,,Restaurant-cuisine,indian,discovery,evergreen,/restaurants,live,cvb-lists-does-not-rank,2,,,,,
0,best korean in des moines,,No data,,Restaurant-cuisine,korean,discovery,evergreen,/restaurants,live,cvb-lists-does-not-rank,2,,,,,
0,best ethiopian in des moines,,No data,,Restaurant-cuisine,ethiopian,discovery,evergreen,/restaurants,live,cvb-lists-does-not-rank,2,,,,,
0,halal restaurants des moines,,No data,,Restaurant-dietary,halal,discovery,evergreen,/restaurants/dietary,live,needs-attribute-data-cvb-lacks,1,,,,,
0,dairy free restaurants des moines,,No data,,Restaurant-dietary,dairy free,discovery,evergreen,/restaurants/dietary,live,needs-attribute-data-cvb-lacks,1,,,,,
0,restaurants for large groups des moines,,No data,,Restaurant-occasion,,discovery,evergreen,/restaurants,live,cvb-lists-does-not-rank,3,,,,,
0,restaurants near xbk live,,No data,,Venue-logistics,xBk Live,logistics,evergreen,/music/venues/xbk-live,route-exists-no-content,no-one-answers-logistics,1,,,,,
0,hotels near xbk live,,No data,,Venue-logistics,xBk Live,transactional,evergreen,/stay,live,no-one-answers-logistics,2,,,,,
0,restaurants near lauridsen amphitheater,,No data,,Venue-logistics,Lauridsen Amphitheater,logistics,evergreen,/music/venues/lauridsen-amphitheater,route-exists-no-content,no-one-answers-logistics,1,,,,,
0,lauridsen amphitheater schedule,,No data,,Venue-logistics,Lauridsen Amphitheater,discovery,recurring,/music/venues/lauridsen-amphitheater,route-exists-no-content,no-one-answers-logistics,2,,,,,
0,wooly's parking,,No data,,Venue-logistics,Wooly's,logistics,evergreen,/music/venues/woolys,route-exists-no-content,no-one-answers-logistics,1,,,,,
0,restaurants near wooly's,,No data,,Venue-logistics,Wooly's,logistics,evergreen,/music/venues/woolys,route-exists-no-content,no-one-answers-logistics,1,,,,,
0,hotels near wooly's,,No data,,Venue-logistics,Wooly's,transactional,evergreen,/stay,live,no-one-answers-logistics,2,,,,,
0,beggars night des moines 2026,,No data,,Seasonal,fall,discovery,seasonal-fall,/articles,live,seasonal-editorial-cvb-thin,1,,,,,
0,trick or treat times des moines,,No data,,Seasonal,fall,discovery,seasonal-fall,/articles,live,seasonal-editorial-cvb-thin,1,,,,,
0,fall festivals near des moines,,No data,,Seasonal,fall,discovery,seasonal-fall,/articles,live,seasonal-editorial-cvb-thin,2,,,,,
0,santa photos des moines,,No data,,Seasonal,winter,discovery,seasonal-winter,/articles,live,seasonal-editorial-cvb-thin,2,,,,,
0,tulip time pella from des moines,,No data,,Seasonal,spring,discovery,seasonal-spring,/articles,live,seasonal-editorial-cvb-thin,2,,,,,
0,fourth of july fireworks des moines,,No data,,Seasonal,summer,discovery,seasonal-summer,/articles,live,seasonal-editorial-cvb-thin,1,,,,,
0,distilleries des moines,,No data,,Nightlife,,discovery,evergreen,/breweries,live,cvb-lists-does-not-rank,2,,,,,
0,iowa cubs fireworks nights,,No data,,Sports,,discovery,recurring,/sports,live,requires-freshness,2,,,,,
0,how many days do you need in des moines,,No data,,Question-AI,,research,evergreen,/itineraries,live,answer-format-cvb-does-not-publish,1,,,,,
0,what to do in des moines when it rains,,No data,,Question-AI,,research,evergreen,/things-to-do,live,answer-format-cvb-does-not-publish,1,,,,,
0,is downtown des moines walkable,,No data,,Question-AI,,research,evergreen,/getting-around,live,answer-format-cvb-does-not-publish,2,,,,,
0,how to get around des moines without a car,,No data,,Question-AI,,research,evergreen,/getting-around,live,answer-format-cvb-does-not-publish,2,,,,,
0,des moines weekend itinerary,,No data,,Question-AI,,research,evergreen,/itineraries,live,answer-format-cvb-does-not-publish,1,,,,,
0,des moines layover what to do,,No data,,Question-AI,,research,evergreen,/itineraries,live,answer-format-cvb-does-not-publish,3,,,,,
0,downtown des moines hotels with pool,,No data,,Hotels-event-adjacent,,transactional,evergreen,/stay,live,event-context-ota-lacks,2,,,,,
0,hotels with water park near des moines,,No data,,Hotels-event-adjacent,,transactional,evergreen,/stay,live,event-context-ota-lacks,3,,,,,
0,where to stay for the iowa state fair,,No data,,Hotels-event-adjacent,,transactional,evergreen,/stay,live,event-context-ota-lacks,1,,,,,
0,iowa state fair with toddlers,,No data,,Iowa-State-Fair,,logistics,seasonal-summer,/iowa-state-fair,live,no-one-answers-logistics,2,,,,,
0,iowa state fair best food 2026,,No data,,Iowa-State-Fair,,logistics,seasonal-summer,/iowa-state-fair,live,no-one-answers-logistics,2,,,,,
0,corporate event ideas des moines,,No data,,Group-and-venue-hire,,transactional,evergreen,/group-travel,live,contested-measure-before-committing,3,,,,,
