keyword,cluster,subcluster,intent,seasonality,target_route,route_status,catchdm_gap,priority,notes
things to do in ankeny iowa,Suburbs,Ankeny,discovery,evergreen,/things-to-do/ankeny,pseo-slug,suburb-out-of-cvb-scope,1,
restaurants in ankeny iowa,Suburbs,Ankeny,discovery,evergreen,/restaurants/ankeny,pseo-slug,suburb-out-of-cvb-scope,1,
best restaurants in ankeny,Suburbs,Ankeny,discovery,evergreen,/restaurants/ankeny,pseo-slug,suburb-out-of-cvb-scope,1,
ankeny iowa events,Suburbs,Ankeny,discovery,recurring,/events/ankeny,live,suburb-out-of-cvb-scope,1,
breakfast in ankeny iowa,Suburbs,Ankeny,discovery,evergreen,/restaurants/ankeny,pseo-slug,suburb-out-of-cvb-scope,2,
parks in ankeny iowa,Suburbs,Ankeny,discovery,evergreen,/playgrounds,live,suburb-out-of-cvb-scope,2,
things to do in west des moines iowa,Suburbs,West Des Moines,discovery,evergreen,/things-to-do/west-des-moines,pseo-slug,suburb-out-of-cvb-scope,1,
restaurants in west des moines iowa,Suburbs,West Des Moines,discovery,evergreen,/restaurants/west-des-moines,pseo-slug,suburb-out-of-cvb-scope,1,
best restaurants in west des moines,Suburbs,West Des Moines,discovery,evergreen,/restaurants/west-des-moines,pseo-slug,suburb-out-of-cvb-scope,1,
west des moines iowa events,Suburbs,West Des Moines,discovery,recurring,/events/west-des-moines,live,suburb-out-of-cvb-scope,1,
breakfast in west des moines iowa,Suburbs,West Des Moines,discovery,evergreen,/restaurants/west-des-moines,pseo-slug,suburb-out-of-cvb-scope,2,
parks in west des moines iowa,Suburbs,West Des Moines,discovery,evergreen,/playgrounds,live,suburb-out-of-cvb-scope,2,
things to do in urbandale iowa,Suburbs,Urbandale,discovery,evergreen,/things-to-do/urbandale,route-exists-no-content,suburb-out-of-cvb-scope,1,
restaurants in urbandale iowa,Suburbs,Urbandale,discovery,evergreen,/restaurants/urbandale,route-exists-no-content,suburb-out-of-cvb-scope,1,
best restaurants in urbandale,Suburbs,Urbandale,discovery,evergreen,/restaurants/urbandale,route-exists-no-content,suburb-out-of-cvb-scope,1,
urbandale iowa events,Suburbs,Urbandale,discovery,recurring,/events/urbandale,live,suburb-out-of-cvb-scope,1,
breakfast in urbandale iowa,Suburbs,Urbandale,discovery,evergreen,/restaurants/urbandale,route-exists-no-content,suburb-out-of-cvb-scope,2,
parks in urbandale iowa,Suburbs,Urbandale,discovery,evergreen,/playgrounds,live,suburb-out-of-cvb-scope,2,
things to do in waukee iowa,Suburbs,Waukee,discovery,evergreen,/things-to-do/waukee,route-exists-no-content,suburb-out-of-cvb-scope,1,
restaurants in waukee iowa,Suburbs,Waukee,discovery,evergreen,/restaurants/waukee,route-exists-no-content,suburb-out-of-cvb-scope,1,
best restaurants in waukee,Suburbs,Waukee,discovery,evergreen,/restaurants/waukee,route-exists-no-content,suburb-out-of-cvb-scope,1,
waukee iowa events,Suburbs,Waukee,discovery,recurring,/events/waukee,route-exists-no-content,suburb-out-of-cvb-scope,1,
breakfast in waukee iowa,Suburbs,Waukee,discovery,evergreen,/restaurants/waukee,route-exists-no-content,suburb-out-of-cvb-scope,2,
parks in waukee iowa,Suburbs,Waukee,discovery,evergreen,/playgrounds,live,suburb-out-of-cvb-scope,2,
things to do in johnston iowa,Suburbs,Johnston,discovery,evergreen,/things-to-do/johnston,route-exists-no-content,suburb-out-of-cvb-scope,1,
restaurants in johnston iowa,Suburbs,Johnston,discovery,evergreen,/restaurants/johnston,route-exists-no-content,suburb-out-of-cvb-scope,1,
best restaurants in johnston,Suburbs,Johnston,discovery,evergreen,/restaurants/johnston,route-exists-no-content,suburb-out-of-cvb-scope,1,
johnston iowa events,Suburbs,Johnston,discovery,recurring,/events/johnston,live,suburb-out-of-cvb-scope,1,
breakfast in johnston iowa,Suburbs,Johnston,discovery,evergreen,/restaurants/johnston,route-exists-no-content,suburb-out-of-cvb-scope,2,
parks in johnston iowa,Suburbs,Johnston,discovery,evergreen,/playgrounds,live,suburb-out-of-cvb-scope,2,
things to do in clive iowa,Suburbs,Clive,discovery,evergreen,/things-to-do/clive,route-exists-no-content,suburb-out-of-cvb-scope,1,
restaurants in clive iowa,Suburbs,Clive,discovery,evergreen,/restaurants/clive,route-exists-no-content,suburb-out-of-cvb-scope,1,
best restaurants in clive,Suburbs,Clive,discovery,evergreen,/restaurants/clive,route-exists-no-content,suburb-out-of-cvb-scope,1,
clive iowa events,Suburbs,Clive,discovery,recurring,/events/clive,live,suburb-out-of-cvb-scope,1,
breakfast in clive iowa,Suburbs,Clive,discovery,evergreen,/restaurants/clive,route-exists-no-content,suburb-out-of-cvb-scope,2,
parks in clive iowa,Suburbs,Clive,discovery,evergreen,/playgrounds,live,suburb-out-of-cvb-scope,2,
things to do in altoona iowa,Suburbs,Altoona,discovery,evergreen,/things-to-do/altoona,route-exists-no-content,suburb-out-of-cvb-scope,1,
restaurants in altoona iowa,Suburbs,Altoona,discovery,evergreen,/restaurants/altoona,route-exists-no-content,suburb-out-of-cvb-scope,1,
best restaurants in altoona,Suburbs,Altoona,discovery,evergreen,/restaurants/altoona,route-exists-no-content,suburb-out-of-cvb-scope,1,
altoona iowa events,Suburbs,Altoona,discovery,recurring,/events/altoona,live,suburb-out-of-cvb-scope,1,
breakfast in altoona iowa,Suburbs,Altoona,discovery,evergreen,/restaurants/altoona,route-exists-no-content,suburb-out-of-cvb-scope,2,
parks in altoona iowa,Suburbs,Altoona,discovery,evergreen,/playgrounds,live,suburb-out-of-cvb-scope,2,
things to do in grimes iowa,Suburbs,Grimes,discovery,evergreen,/things-to-do/grimes,route-exists-no-content,suburb-out-of-cvb-scope,1,
restaurants in grimes iowa,Suburbs,Grimes,discovery,evergreen,/restaurants/grimes,route-exists-no-content,suburb-out-of-cvb-scope,1,
best restaurants in grimes,Suburbs,Grimes,discovery,evergreen,/restaurants/grimes,route-exists-no-content,suburb-out-of-cvb-scope,1,
grimes iowa events,Suburbs,Grimes,discovery,recurring,/events/grimes,route-exists-no-content,suburb-out-of-cvb-scope,1,
breakfast in grimes iowa,Suburbs,Grimes,discovery,evergreen,/restaurants/grimes,route-exists-no-content,suburb-out-of-cvb-scope,2,
parks in grimes iowa,Suburbs,Grimes,discovery,evergreen,/playgrounds,live,suburb-out-of-cvb-scope,2,
things to do in norwalk iowa,Suburbs,Norwalk,discovery,evergreen,/things-to-do/norwalk,route-exists-no-content,suburb-out-of-cvb-scope,1,
restaurants in norwalk iowa,Suburbs,Norwalk,discovery,evergreen,/restaurants/norwalk,route-exists-no-content,suburb-out-of-cvb-scope,1,
best restaurants in norwalk,Suburbs,Norwalk,discovery,evergreen,/restaurants/norwalk,route-exists-no-content,suburb-out-of-cvb-scope,1,
norwalk iowa events,Suburbs,Norwalk,discovery,recurring,/events/norwalk,route-exists-no-content,suburb-out-of-cvb-scope,1,
breakfast in norwalk iowa,Suburbs,Norwalk,discovery,evergreen,/restaurants/norwalk,route-exists-no-content,suburb-out-of-cvb-scope,2,
parks in norwalk iowa,Suburbs,Norwalk,discovery,evergreen,/playgrounds,live,suburb-out-of-cvb-scope,2,
things to do in pleasant hill iowa,Suburbs,Pleasant Hill,discovery,evergreen,/things-to-do/pleasant-hill,route-exists-no-content,suburb-out-of-cvb-scope,1,
restaurants in pleasant hill iowa,Suburbs,Pleasant Hill,discovery,evergreen,/restaurants/pleasant-hill,route-exists-no-content,suburb-out-of-cvb-scope,1,
best restaurants in pleasant hill,Suburbs,Pleasant Hill,discovery,evergreen,/restaurants/pleasant-hill,route-exists-no-content,suburb-out-of-cvb-scope,1,
pleasant hill iowa events,Suburbs,Pleasant Hill,discovery,recurring,/events/pleasant-hill,route-exists-no-content,suburb-out-of-cvb-scope,1,
breakfast in pleasant hill iowa,Suburbs,Pleasant Hill,discovery,evergreen,/restaurants/pleasant-hill,route-exists-no-content,suburb-out-of-cvb-scope,2,
parks in pleasant hill iowa,Suburbs,Pleasant Hill,discovery,evergreen,/playgrounds,live,suburb-out-of-cvb-scope,2,
things to do in bondurant iowa,Suburbs,Bondurant,discovery,evergreen,/things-to-do/bondurant,route-exists-no-content,suburb-out-of-cvb-scope,1,
restaurants in bondurant iowa,Suburbs,Bondurant,discovery,evergreen,/restaurants/bondurant,route-exists-no-content,suburb-out-of-cvb-scope,1,
best restaurants in bondurant,Suburbs,Bondurant,discovery,evergreen,/restaurants/bondurant,route-exists-no-content,suburb-out-of-cvb-scope,1,
bondurant iowa events,Suburbs,Bondurant,discovery,recurring,/events/bondurant,route-exists-no-content,suburb-out-of-cvb-scope,1,
breakfast in bondurant iowa,Suburbs,Bondurant,discovery,evergreen,/restaurants/bondurant,route-exists-no-content,suburb-out-of-cvb-scope,2,
parks in bondurant iowa,Suburbs,Bondurant,discovery,evergreen,/playgrounds,live,suburb-out-of-cvb-scope,2,
things to do in indianola iowa,Suburbs,Indianola,discovery,evergreen,/things-to-do/indianola,route-exists-no-content,suburb-out-of-cvb-scope,1,
restaurants in indianola iowa,Suburbs,Indianola,discovery,evergreen,/restaurants/indianola,route-exists-no-content,suburb-out-of-cvb-scope,1,
best restaurants in indianola,Suburbs,Indianola,discovery,evergreen,/restaurants/indianola,route-exists-no-content,suburb-out-of-cvb-scope,1,
indianola iowa events,Suburbs,Indianola,discovery,recurring,/events/indianola,route-exists-no-content,suburb-out-of-cvb-scope,1,
breakfast in indianola iowa,Suburbs,Indianola,discovery,evergreen,/restaurants/indianola,route-exists-no-content,suburb-out-of-cvb-scope,2,
parks in indianola iowa,Suburbs,Indianola,discovery,evergreen,/playgrounds,live,suburb-out-of-cvb-scope,2,
things to do in windsor heights iowa,Suburbs,Windsor Heights,discovery,evergreen,/things-to-do/windsor-heights,route-exists-no-content,suburb-out-of-cvb-scope,1,
restaurants in windsor heights iowa,Suburbs,Windsor Heights,discovery,evergreen,/restaurants/windsor-heights,route-exists-no-content,suburb-out-of-cvb-scope,1,
best restaurants in windsor heights,Suburbs,Windsor Heights,discovery,evergreen,/restaurants/windsor-heights,route-exists-no-content,suburb-out-of-cvb-scope,1,
windsor heights iowa events,Suburbs,Windsor Heights,discovery,recurring,/events/windsor-heights,live,suburb-out-of-cvb-scope,1,
breakfast in windsor heights iowa,Suburbs,Windsor Heights,discovery,evergreen,/restaurants/windsor-heights,route-exists-no-content,suburb-out-of-cvb-scope,2,
parks in windsor heights iowa,Suburbs,Windsor Heights,discovery,evergreen,/playgrounds,live,suburb-out-of-cvb-scope,2,
things to do in adel iowa,Suburbs,Adel,discovery,evergreen,/things-to-do/adel,route-exists-no-content,suburb-out-of-cvb-scope,1,
restaurants in adel iowa,Suburbs,Adel,discovery,evergreen,/restaurants/adel,route-exists-no-content,suburb-out-of-cvb-scope,1,
best restaurants in adel,Suburbs,Adel,discovery,evergreen,/restaurants/adel,route-exists-no-content,suburb-out-of-cvb-scope,1,
adel iowa events,Suburbs,Adel,discovery,recurring,/events/adel,route-exists-no-content,suburb-out-of-cvb-scope,1,
breakfast in adel iowa,Suburbs,Adel,discovery,evergreen,/restaurants/adel,route-exists-no-content,suburb-out-of-cvb-scope,2,
parks in adel iowa,Suburbs,Adel,discovery,evergreen,/playgrounds,live,suburb-out-of-cvb-scope,2,
things to do in polk city iowa,Suburbs,Polk City,discovery,evergreen,/things-to-do/polk-city,route-exists-no-content,suburb-out-of-cvb-scope,1,
restaurants in polk city iowa,Suburbs,Polk City,discovery,evergreen,/restaurants/polk-city,route-exists-no-content,suburb-out-of-cvb-scope,1,
best restaurants in polk city,Suburbs,Polk City,discovery,evergreen,/restaurants/polk-city,route-exists-no-content,suburb-out-of-cvb-scope,1,
polk city iowa events,Suburbs,Polk City,discovery,recurring,/events/polk-city,route-exists-no-content,suburb-out-of-cvb-scope,1,
breakfast in polk city iowa,Suburbs,Polk City,discovery,evergreen,/restaurants/polk-city,route-exists-no-content,suburb-out-of-cvb-scope,2,
parks in polk city iowa,Suburbs,Polk City,discovery,evergreen,/playgrounds,live,suburb-out-of-cvb-scope,2,
things to do in east village des moines,Neighborhoods,East Village,discovery,evergreen,/things-to-do/east-village,pseo-slug,cvb-has-no-neighborhood-pages,1,
east village des moines restaurants,Neighborhoods,East Village,discovery,evergreen,/restaurants/east-village,pseo-slug,cvb-has-no-neighborhood-pages,1,
east village des moines bars,Neighborhoods,East Village,discovery,evergreen,/nightlife/east-village,route-exists-no-content,cvb-has-no-neighborhood-pages,2,
things to do in downtown des moines,Neighborhoods,Downtown,discovery,evergreen,/things-to-do/downtown,pseo-slug,cvb-has-no-neighborhood-pages,1,
downtown des moines restaurants,Neighborhoods,Downtown,discovery,evergreen,/restaurants/downtown,pseo-slug,cvb-has-no-neighborhood-pages,1,
downtown des moines bars,Neighborhoods,Downtown,discovery,evergreen,/nightlife/downtown,route-exists-no-content,cvb-has-no-neighborhood-pages,2,
things to do in court avenue des moines,Neighborhoods,Court Avenue,discovery,evergreen,/things-to-do/court-avenue,route-exists-no-content,cvb-has-no-neighborhood-pages,1,
court avenue des moines restaurants,Neighborhoods,Court Avenue,discovery,evergreen,/restaurants/court-avenue,route-exists-no-content,cvb-has-no-neighborhood-pages,1,
court avenue des moines bars,Neighborhoods,Court Avenue,discovery,evergreen,/nightlife/court-avenue,route-exists-no-content,cvb-has-no-neighborhood-pages,2,
things to do in valley junction des moines,Neighborhoods,Valley Junction,discovery,evergreen,/things-to-do/valley-junction,pseo-slug,cvb-has-no-neighborhood-pages,1,
valley junction des moines restaurants,Neighborhoods,Valley Junction,discovery,evergreen,/restaurants/valley-junction,pseo-slug,cvb-has-no-neighborhood-pages,1,
valley junction des moines bars,Neighborhoods,Valley Junction,discovery,evergreen,/nightlife/valley-junction,route-exists-no-content,cvb-has-no-neighborhood-pages,2,
things to do in beaverdale des moines,Neighborhoods,Beaverdale,discovery,evergreen,/things-to-do/beaverdale,route-exists-no-content,cvb-has-no-neighborhood-pages,1,
beaverdale des moines restaurants,Neighborhoods,Beaverdale,discovery,evergreen,/restaurants/beaverdale,route-exists-no-content,cvb-has-no-neighborhood-pages,1,
beaverdale des moines bars,Neighborhoods,Beaverdale,discovery,evergreen,/nightlife/beaverdale,route-exists-no-content,cvb-has-no-neighborhood-pages,2,
things to do in sherman hill des moines,Neighborhoods,Sherman Hill,discovery,evergreen,/things-to-do/sherman-hill,route-exists-no-content,cvb-has-no-neighborhood-pages,1,
sherman hill des moines restaurants,Neighborhoods,Sherman Hill,discovery,evergreen,/restaurants/sherman-hill,route-exists-no-content,cvb-has-no-neighborhood-pages,1,
sherman hill des moines bars,Neighborhoods,Sherman Hill,discovery,evergreen,/nightlife/sherman-hill,route-exists-no-content,cvb-has-no-neighborhood-pages,2,
things to do in drake des moines,Neighborhoods,Drake,discovery,evergreen,/things-to-do/drake,route-exists-no-content,cvb-has-no-neighborhood-pages,1,
drake des moines restaurants,Neighborhoods,Drake,discovery,evergreen,/restaurants/drake,route-exists-no-content,cvb-has-no-neighborhood-pages,1,
drake des moines bars,Neighborhoods,Drake,discovery,evergreen,/nightlife/drake,route-exists-no-content,cvb-has-no-neighborhood-pages,2,
things to do in ingersoll des moines,Neighborhoods,Ingersoll,discovery,evergreen,/things-to-do/ingersoll,route-exists-no-content,cvb-has-no-neighborhood-pages,1,
ingersoll des moines restaurants,Neighborhoods,Ingersoll,discovery,evergreen,/restaurants/ingersoll,route-exists-no-content,cvb-has-no-neighborhood-pages,1,
ingersoll des moines bars,Neighborhoods,Ingersoll,discovery,evergreen,/nightlife/ingersoll,route-exists-no-content,cvb-has-no-neighborhood-pages,2,
things to do in highland park des moines,Neighborhoods,Highland Park,discovery,evergreen,/things-to-do/highland-park,route-exists-no-content,cvb-has-no-neighborhood-pages,1,
highland park des moines restaurants,Neighborhoods,Highland Park,discovery,evergreen,/restaurants/highland-park,route-exists-no-content,cvb-has-no-neighborhood-pages,1,
highland park des moines bars,Neighborhoods,Highland Park,discovery,evergreen,/nightlife/highland-park,route-exists-no-content,cvb-has-no-neighborhood-pages,2,
things to do in merle hay des moines,Neighborhoods,Merle Hay,discovery,evergreen,/things-to-do/merle-hay,route-exists-no-content,cvb-has-no-neighborhood-pages,1,
merle hay des moines restaurants,Neighborhoods,Merle Hay,discovery,evergreen,/restaurants/merle-hay,route-exists-no-content,cvb-has-no-neighborhood-pages,1,
merle hay des moines bars,Neighborhoods,Merle Hay,discovery,evergreen,/nightlife/merle-hay,route-exists-no-content,cvb-has-no-neighborhood-pages,2,
things to do in grays lake des moines,Neighborhoods,Grays Lake,discovery,evergreen,/things-to-do/grays-lake,route-exists-no-content,cvb-has-no-neighborhood-pages,1,
grays lake des moines restaurants,Neighborhoods,Grays Lake,discovery,evergreen,/restaurants/grays-lake,route-exists-no-content,cvb-has-no-neighborhood-pages,1,
grays lake des moines bars,Neighborhoods,Grays Lake,discovery,evergreen,/nightlife/grays-lake,route-exists-no-content,cvb-has-no-neighborhood-pages,2,
best neighborhoods in des moines,Neighborhoods,,research,evergreen,/neighborhoods,live,cvb-has-no-neighborhood-pages,1,
where to stay in des moines neighborhood,Neighborhoods,,research,evergreen,/neighborhoods,live,cvb-has-no-neighborhood-pages,2,
des moines events january 2026,Time-qualified,january,discovery,monthly,/events/january,route-exists-no-content,requires-freshness,1,
things to do in des moines in january,Time-qualified,january,discovery,monthly,/things-to-do/january,route-exists-no-content,requires-freshness,2,
des moines events february 2026,Time-qualified,february,discovery,monthly,/events/february,route-exists-no-content,requires-freshness,1,
things to do in des moines in february,Time-qualified,february,discovery,monthly,/things-to-do/february,route-exists-no-content,requires-freshness,2,
des moines events march 2026,Time-qualified,march,discovery,monthly,/events/march,route-exists-no-content,requires-freshness,1,
things to do in des moines in march,Time-qualified,march,discovery,monthly,/things-to-do/march,route-exists-no-content,requires-freshness,2,
des moines events april 2026,Time-qualified,april,discovery,monthly,/events/april,route-exists-no-content,requires-freshness,1,
things to do in des moines in april,Time-qualified,april,discovery,monthly,/things-to-do/april,route-exists-no-content,requires-freshness,2,
des moines events may 2026,Time-qualified,may,discovery,monthly,/events/may,route-exists-no-content,requires-freshness,1,
things to do in des moines in may,Time-qualified,may,discovery,monthly,/things-to-do/may,route-exists-no-content,requires-freshness,2,
des moines events june 2026,Time-qualified,june,discovery,monthly,/events/june,route-exists-no-content,requires-freshness,1,
things to do in des moines in june,Time-qualified,june,discovery,monthly,/things-to-do/june,route-exists-no-content,requires-freshness,2,
des moines events july 2026,Time-qualified,july,discovery,monthly,/events/july,route-exists-no-content,requires-freshness,1,
things to do in des moines in july,Time-qualified,july,discovery,monthly,/things-to-do/july,route-exists-no-content,requires-freshness,2,
des moines events august 2026,Time-qualified,august,discovery,monthly,/events/august,pseo-slug,requires-freshness,1,
things to do in des moines in august,Time-qualified,august,discovery,monthly,/things-to-do/august,pseo-slug,requires-freshness,2,
des moines events september 2026,Time-qualified,september,discovery,monthly,/events/september,route-exists-no-content,requires-freshness,1,
things to do in des moines in september,Time-qualified,september,discovery,monthly,/things-to-do/september,route-exists-no-content,requires-freshness,2,
des moines events october 2026,Time-qualified,october,discovery,monthly,/events/october,route-exists-no-content,requires-freshness,1,
things to do in des moines in october,Time-qualified,october,discovery,monthly,/things-to-do/october,route-exists-no-content,requires-freshness,2,
des moines events november 2026,Time-qualified,november,discovery,monthly,/events/november,route-exists-no-content,requires-freshness,1,
things to do in des moines in november,Time-qualified,november,discovery,monthly,/things-to-do/november,route-exists-no-content,requires-freshness,2,
des moines events december 2026,Time-qualified,december,discovery,monthly,/events/december,pseo-slug,requires-freshness,1,
things to do in des moines in december,Time-qualified,december,discovery,monthly,/things-to-do/december,pseo-slug,requires-freshness,2,
des moines events tonight,Time-qualified,now,discovery,recurring,/events/today,live,requires-freshness,1,
concerts in des moines tonight,Time-qualified,now,discovery,recurring,/music,live,requires-freshness,1,
live music des moines tonight,Time-qualified,now,discovery,recurring,/music,live,requires-freshness,1,
whats happening in des moines today,Time-qualified,now,discovery,recurring,/events/today,live,requires-freshness,1,
des moines events next weekend,Time-qualified,now,discovery,recurring,/events/this-weekend,live,requires-freshness,1,
free things to do in des moines this weekend,Time-qualified,now,discovery,recurring,/events/free,live,requires-freshness,1,
things to do in des moines this weekend with kids,Time-qualified,now,discovery,recurring,/events/kids,live,requires-freshness,1,
des moines farmers market hours,Time-qualified,now,discovery,recurring,/events/this-weekend,live,requires-freshness,2,
des moines events next week,Time-qualified,now,discovery,recurring,/events,live,requires-freshness,2,
what to do in des moines tomorrow,Time-qualified,now,discovery,recurring,/events/today,live,requires-freshness,2,
best playgrounds in des moines,Family,,discovery,evergreen,/playgrounds,live,cvb-targets-visitors-not-parents,1,
splash pads des moines,Family,,discovery,evergreen,/playgrounds,live,cvb-targets-visitors-not-parents,1,
indoor playground des moines,Family,,discovery,evergreen,/playgrounds,live,cvb-targets-visitors-not-parents,1,
indoor activities for kids des moines,Family,,discovery,evergreen,/things-to-do/families,pseo-slug,cvb-targets-visitors-not-parents,1,
free things to do with kids in des moines,Family,,discovery,evergreen,/things-to-do/families,pseo-slug,cvb-targets-visitors-not-parents,1,
rainy day activities des moines kids,Family,,discovery,evergreen,/things-to-do/families,pseo-slug,cvb-targets-visitors-not-parents,1,
toddler activities des moines,Family,,discovery,evergreen,/things-to-do/families,pseo-slug,cvb-targets-visitors-not-parents,1,
birthday party places des moines,Family,,discovery,evergreen,/things-to-do/families,pseo-slug,cvb-targets-visitors-not-parents,2,
sledding hills des moines,Family,,discovery,evergreen,/outdoors,live,cvb-targets-visitors-not-parents,2,
best parks in west des moines,Family,,discovery,evergreen,/playgrounds,live,cvb-targets-visitors-not-parents,1,
best parks in ankeny,Family,,discovery,evergreen,/playgrounds,live,cvb-targets-visitors-not-parents,1,
kid friendly restaurants des moines,Family,,discovery,evergreen,/restaurants/families,pseo-slug,cvb-targets-visitors-not-parents,1,
trampoline park des moines,Family,,discovery,evergreen,/things-to-do/families,pseo-slug,cvb-targets-visitors-not-parents,2,
water park near des moines,Family,,discovery,evergreen,/things-to-do/families,pseo-slug,cvb-targets-visitors-not-parents,2,
des moines pools open,Family,,discovery,evergreen,/outdoors,live,cvb-targets-visitors-not-parents,2,
summer camps des moines,Family,,discovery,evergreen,/things-to-do/families,pseo-slug,cvb-targets-visitors-not-parents,3,
things to do in des moines with a baby,Family,,discovery,evergreen,/things-to-do/families,pseo-slug,cvb-targets-visitors-not-parents,2,
des moines library story time,Family,,discovery,evergreen,/events/kids,live,cvb-targets-visitors-not-parents,3,
accessible playgrounds des moines,Family,,discovery,evergreen,/playgrounds,live,cvb-targets-visitors-not-parents,2,
playgrounds with shade des moines,Family,,discovery,evergreen,/playgrounds,live,cvb-targets-visitors-not-parents,2,
restaurants open now des moines,Restaurant-practical,,logistics,evergreen,/restaurants/open-now,live,needs-hours-data-cvb-lacks,1,
restaurants open late des moines,Restaurant-practical,,logistics,evergreen,/restaurants/open-now,live,needs-hours-data-cvb-lacks,1,
des moines restaurants open on monday,Restaurant-practical,,logistics,evergreen,/restaurants/open-now,live,needs-hours-data-cvb-lacks,1,
des moines restaurants open sunday,Restaurant-practical,,logistics,evergreen,/restaurants/open-now,live,needs-hours-data-cvb-lacks,1,
24 hour restaurants des moines,Restaurant-practical,,logistics,evergreen,/restaurants/open-now,live,needs-hours-data-cvb-lacks,2,
best patio restaurants des moines,Restaurant-practical,,logistics,evergreen,/restaurants,live,needs-hours-data-cvb-lacks,1,
rooftop bars des moines,Restaurant-practical,,logistics,evergreen,/nightlife/downtown,route-exists-no-content,needs-hours-data-cvb-lacks,1,
happy hour des moines,Restaurant-practical,,logistics,evergreen,/restaurants,live,needs-hours-data-cvb-lacks,1,
dog friendly patios des moines,Restaurant-practical,,logistics,evergreen,/restaurants,live,needs-hours-data-cvb-lacks,1,
restaurants with private rooms des moines,Restaurant-practical,,logistics,evergreen,/restaurants,live,needs-hours-data-cvb-lacks,2,
restaurants that take reservations des moines,Restaurant-practical,,logistics,evergreen,/restaurants,live,needs-hours-data-cvb-lacks,2,
des moines restaurants open christmas day,Restaurant-practical,,logistics,evergreen,/restaurants/open-now,live,needs-hours-data-cvb-lacks,2,
des moines restaurants open thanksgiving,Restaurant-practical,,logistics,evergreen,/restaurants/open-now,live,needs-hours-data-cvb-lacks,2,
best pizza in des moines,Restaurant-cuisine,pizza,discovery,evergreen,/restaurants,live,cvb-lists-does-not-rank,2,
best tacos in des moines,Restaurant-cuisine,tacos,discovery,evergreen,/restaurants,live,cvb-lists-does-not-rank,2,
best sushi in des moines,Restaurant-cuisine,sushi,discovery,evergreen,/restaurants,live,cvb-lists-does-not-rank,2,
best burger in des moines,Restaurant-cuisine,burger,discovery,evergreen,/restaurants,live,cvb-lists-does-not-rank,2,
best steakhouse in des moines,Restaurant-cuisine,steakhouse,discovery,evergreen,/restaurants,live,cvb-lists-does-not-rank,2,
best bbq in des moines,Restaurant-cuisine,bbq,discovery,evergreen,/restaurants,live,cvb-lists-does-not-rank,2,
best mexican in des moines,Restaurant-cuisine,mexican,discovery,evergreen,/restaurants,live,cvb-lists-does-not-rank,2,
best italian in des moines,Restaurant-cuisine,italian,discovery,evergreen,/restaurants,live,cvb-lists-does-not-rank,2,
best thai in des moines,Restaurant-cuisine,thai,discovery,evergreen,/restaurants,live,cvb-lists-does-not-rank,2,
best vietnamese in des moines,Restaurant-cuisine,vietnamese,discovery,evergreen,/restaurants,live,cvb-lists-does-not-rank,2,
best indian in des moines,Restaurant-cuisine,indian,discovery,evergreen,/restaurants,live,cvb-lists-does-not-rank,2,
best korean in des moines,Restaurant-cuisine,korean,discovery,evergreen,/restaurants,live,cvb-lists-does-not-rank,2,
best chinese in des moines,Restaurant-cuisine,chinese,discovery,evergreen,/restaurants,live,cvb-lists-does-not-rank,2,
best seafood in des moines,Restaurant-cuisine,seafood,discovery,evergreen,/restaurants,live,cvb-lists-does-not-rank,2,
best fried chicken in des moines,Restaurant-cuisine,fried chicken,discovery,evergreen,/restaurants,live,cvb-lists-does-not-rank,2,
best sandwiches in des moines,Restaurant-cuisine,sandwiches,discovery,evergreen,/restaurants,live,cvb-lists-does-not-rank,2,
best ramen in des moines,Restaurant-cuisine,ramen,discovery,evergreen,/restaurants,live,cvb-lists-does-not-rank,2,
best ethiopian in des moines,Restaurant-cuisine,ethiopian,discovery,evergreen,/restaurants,live,cvb-lists-does-not-rank,2,
best breakfast in des moines,Restaurant-cuisine,breakfast,discovery,evergreen,/restaurants,live,cvb-lists-does-not-rank,2,
best brunch in des moines,Restaurant-cuisine,brunch,discovery,evergreen,/restaurants,live,cvb-lists-does-not-rank,2,
best ice cream in des moines,Restaurant-cuisine,ice cream,discovery,evergreen,/restaurants,live,cvb-lists-does-not-rank,2,
best coffee shops in des moines,Restaurant-cuisine,coffee shops,discovery,evergreen,/restaurants,live,cvb-lists-does-not-rank,2,
best bakery in des moines,Restaurant-cuisine,bakery,discovery,evergreen,/restaurants,live,cvb-lists-does-not-rank,2,
best donuts in des moines,Restaurant-cuisine,donuts,discovery,evergreen,/restaurants,live,cvb-lists-does-not-rank,2,
best food trucks in des moines,Restaurant-cuisine,food trucks,discovery,evergreen,/restaurants,live,cvb-lists-does-not-rank,2,
gluten free restaurants des moines,Restaurant-dietary,gluten free,discovery,evergreen,/restaurants/dietary,live,needs-attribute-data-cvb-lacks,1,
vegan restaurants des moines,Restaurant-dietary,vegan,discovery,evergreen,/restaurants/dietary,live,needs-attribute-data-cvb-lacks,1,
vegetarian restaurants des moines,Restaurant-dietary,vegetarian,discovery,evergreen,/restaurants/dietary,live,needs-attribute-data-cvb-lacks,1,
halal restaurants des moines,Restaurant-dietary,halal,discovery,evergreen,/restaurants/dietary,live,needs-attribute-data-cvb-lacks,1,
keto friendly restaurants des moines,Restaurant-dietary,keto friendly,discovery,evergreen,/restaurants/dietary,live,needs-attribute-data-cvb-lacks,1,
dairy free restaurants des moines,Restaurant-dietary,dairy free,discovery,evergreen,/restaurants/dietary,live,needs-attribute-data-cvb-lacks,1,
date night restaurants des moines,Restaurant-occasion,,discovery,evergreen,/restaurants/date-night,pseo-slug,cvb-lists-does-not-rank,1,
romantic restaurants des moines,Restaurant-occasion,,discovery,evergreen,/restaurants/date-night,pseo-slug,cvb-lists-does-not-rank,2,
cheap eats des moines,Restaurant-occasion,,discovery,evergreen,/restaurants/budget,pseo-slug,cvb-lists-does-not-rank,2,
new restaurants des moines 2026,Restaurant-occasion,,discovery,evergreen,/restaurants,live,cvb-lists-does-not-rank,1,
best new restaurants des moines,Restaurant-occasion,,discovery,evergreen,/restaurants,live,cvb-lists-does-not-rank,1,
restaurants for large groups des moines,Restaurant-occasion,,discovery,evergreen,/restaurants,live,cvb-lists-does-not-rank,3,
wells fargo arena parking,Venue-logistics,Wells Fargo Arena,logistics,evergreen,/music/venues/wells-fargo-arena,route-exists-no-content,no-one-answers-logistics,1,
restaurants near wells fargo arena,Venue-logistics,Wells Fargo Arena,logistics,evergreen,/music/venues/wells-fargo-arena,route-exists-no-content,no-one-answers-logistics,1,
wells fargo arena schedule,Venue-logistics,Wells Fargo Arena,discovery,recurring,/music/venues/wells-fargo-arena,route-exists-no-content,no-one-answers-logistics,2,
hotels near wells fargo arena,Venue-logistics,Wells Fargo Arena,transactional,evergreen,/stay,live,no-one-answers-logistics,2,
iowa events center parking,Venue-logistics,Iowa Events Center,logistics,evergreen,/music/venues/iowa-events-center,route-exists-no-content,no-one-answers-logistics,1,
restaurants near iowa events center,Venue-logistics,Iowa Events Center,logistics,evergreen,/music/venues/iowa-events-center,route-exists-no-content,no-one-answers-logistics,1,
iowa events center schedule,Venue-logistics,Iowa Events Center,discovery,recurring,/music/venues/iowa-events-center,route-exists-no-content,no-one-answers-logistics,2,
hotels near iowa events center,Venue-logistics,Iowa Events Center,transactional,evergreen,/stay,live,no-one-answers-logistics,2,
des moines civic center parking,Venue-logistics,Des Moines Civic Center,logistics,evergreen,/music/venues/des-moines-civic-center,route-exists-no-content,no-one-answers-logistics,1,
restaurants near des moines civic center,Venue-logistics,Des Moines Civic Center,logistics,evergreen,/music/venues/des-moines-civic-center,route-exists-no-content,no-one-answers-logistics,1,
des moines civic center schedule,Venue-logistics,Des Moines Civic Center,discovery,recurring,/music/venues/des-moines-civic-center,route-exists-no-content,no-one-answers-logistics,2,
hotels near des moines civic center,Venue-logistics,Des Moines Civic Center,transactional,evergreen,/stay,live,no-one-answers-logistics,2,
hoyt sherman place parking,Venue-logistics,Hoyt Sherman Place,logistics,evergreen,/music/venues/hoyt-sherman-place,route-exists-no-content,no-one-answers-logistics,1,
restaurants near hoyt sherman place,Venue-logistics,Hoyt Sherman Place,logistics,evergreen,/music/venues/hoyt-sherman-place,route-exists-no-content,no-one-answers-logistics,1,
hoyt sherman place schedule,Venue-logistics,Hoyt Sherman Place,discovery,recurring,/music/venues/hoyt-sherman-place,route-exists-no-content,no-one-answers-logistics,2,
hotels near hoyt sherman place,Venue-logistics,Hoyt Sherman Place,transactional,evergreen,/stay,live,no-one-answers-logistics,2,
val air ballroom parking,Venue-logistics,Val Air Ballroom,logistics,evergreen,/music/venues/val-air-ballroom,route-exists-no-content,no-one-answers-logistics,1,
restaurants near val air ballroom,Venue-logistics,Val Air Ballroom,logistics,evergreen,/music/venues/val-air-ballroom,route-exists-no-content,no-one-answers-logistics,1,
val air ballroom schedule,Venue-logistics,Val Air Ballroom,discovery,recurring,/music/venues/val-air-ballroom,route-exists-no-content,no-one-answers-logistics,2,
hotels near val air ballroom,Venue-logistics,Val Air Ballroom,transactional,evergreen,/stay,live,no-one-answers-logistics,2,
xbk live parking,Venue-logistics,xBk Live,logistics,evergreen,/music/venues/xbk-live,route-exists-no-content,no-one-answers-logistics,1,
restaurants near xbk live,Venue-logistics,xBk Live,logistics,evergreen,/music/venues/xbk-live,route-exists-no-content,no-one-answers-logistics,1,
xbk live schedule,Venue-logistics,xBk Live,discovery,recurring,/music/venues/xbk-live,route-exists-no-content,no-one-answers-logistics,2,
hotels near xbk live,Venue-logistics,xBk Live,transactional,evergreen,/stay,live,no-one-answers-logistics,2,
lauridsen amphitheater parking,Venue-logistics,Lauridsen Amphitheater,logistics,evergreen,/music/venues/lauridsen-amphitheater,route-exists-no-content,no-one-answers-logistics,1,
restaurants near lauridsen amphitheater,Venue-logistics,Lauridsen Amphitheater,logistics,evergreen,/music/venues/lauridsen-amphitheater,route-exists-no-content,no-one-answers-logistics,1,
lauridsen amphitheater schedule,Venue-logistics,Lauridsen Amphitheater,discovery,recurring,/music/venues/lauridsen-amphitheater,route-exists-no-content,no-one-answers-logistics,2,
hotels near lauridsen amphitheater,Venue-logistics,Lauridsen Amphitheater,transactional,evergreen,/stay,live,no-one-answers-logistics,2,
vibrant music hall parking,Venue-logistics,Vibrant Music Hall,logistics,evergreen,/music/venues/vibrant-music-hall,route-exists-no-content,no-one-answers-logistics,1,
restaurants near vibrant music hall,Venue-logistics,Vibrant Music Hall,logistics,evergreen,/music/venues/vibrant-music-hall,route-exists-no-content,no-one-answers-logistics,1,
vibrant music hall schedule,Venue-logistics,Vibrant Music Hall,discovery,recurring,/music/venues/vibrant-music-hall,route-exists-no-content,no-one-answers-logistics,2,
hotels near vibrant music hall,Venue-logistics,Vibrant Music Hall,transactional,evergreen,/stay,live,no-one-answers-logistics,2,
wooly's parking,Venue-logistics,Wooly's,logistics,evergreen,/music/venues/woolys,route-exists-no-content,no-one-answers-logistics,1,
restaurants near wooly's,Venue-logistics,Wooly's,logistics,evergreen,/music/venues/woolys,route-exists-no-content,no-one-answers-logistics,1,
wooly's schedule,Venue-logistics,Wooly's,discovery,recurring,/music/venues/woolys,route-exists-no-content,no-one-answers-logistics,2,
hotels near wooly's,Venue-logistics,Wooly's,transactional,evergreen,/stay,live,no-one-answers-logistics,2,
principal park parking,Venue-logistics,Principal Park,logistics,evergreen,/music/venues/principal-park,route-exists-no-content,no-one-answers-logistics,1,
restaurants near principal park,Venue-logistics,Principal Park,logistics,evergreen,/music/venues/principal-park,route-exists-no-content,no-one-answers-logistics,1,
principal park schedule,Venue-logistics,Principal Park,discovery,recurring,/music/venues/principal-park,route-exists-no-content,no-one-answers-logistics,2,
hotels near principal park,Venue-logistics,Principal Park,transactional,evergreen,/stay,live,no-one-answers-logistics,2,
pumpkin patches near des moines,Seasonal,fall,discovery,seasonal-fall,/articles,live,seasonal-editorial-cvb-thin,1,
apple orchards near des moines,Seasonal,fall,discovery,seasonal-fall,/articles,live,seasonal-editorial-cvb-thin,1,
corn maze des moines,Seasonal,fall,discovery,seasonal-fall,/articles,live,seasonal-editorial-cvb-thin,1,
haunted houses des moines,Seasonal,fall,discovery,seasonal-fall,/articles,live,seasonal-editorial-cvb-thin,1,
beggars night des moines 2026,Seasonal,fall,discovery,seasonal-fall,/articles,live,seasonal-editorial-cvb-thin,1,
trick or treat times des moines,Seasonal,fall,discovery,seasonal-fall,/articles,live,seasonal-editorial-cvb-thin,1,
fall festivals near des moines,Seasonal,fall,discovery,seasonal-fall,/articles,live,seasonal-editorial-cvb-thin,2,
fall colors near des moines,Seasonal,fall,discovery,seasonal-fall,/articles,live,seasonal-editorial-cvb-thin,2,
christmas lights des moines,Seasonal,winter,discovery,seasonal-winter,/articles,live,seasonal-editorial-cvb-thin,1,
jolly holiday lights des moines,Seasonal,winter,discovery,seasonal-winter,/articles,live,seasonal-editorial-cvb-thin,1,
holiday events des moines,Seasonal,winter,discovery,seasonal-winter,/articles,live,seasonal-editorial-cvb-thin,1,
ice skating des moines,Seasonal,winter,discovery,seasonal-winter,/articles,live,seasonal-editorial-cvb-thin,1,
santa photos des moines,Seasonal,winter,discovery,seasonal-winter,/articles,live,seasonal-editorial-cvb-thin,2,
new years eve des moines,Seasonal,winter,discovery,seasonal-winter,/articles,live,seasonal-editorial-cvb-thin,2,
easter egg hunts des moines,Seasonal,spring,discovery,seasonal-spring,/articles,live,seasonal-editorial-cvb-thin,2,
tulip time pella from des moines,Seasonal,spring,discovery,seasonal-spring,/articles,live,seasonal-editorial-cvb-thin,2,
farmers markets des moines,Seasonal,summer,discovery,seasonal-summer,/articles,live,seasonal-editorial-cvb-thin,1,
fourth of july fireworks des moines,Seasonal,summer,discovery,seasonal-summer,/articles,live,seasonal-editorial-cvb-thin,1,
outdoor movies des moines,Seasonal,summer,discovery,seasonal-summer,/articles,live,seasonal-editorial-cvb-thin,2,
des moines arts festival,Seasonal,summer,discovery,seasonal-summer,/articles,live,seasonal-editorial-cvb-thin,2,
80 35 music festival,Seasonal,summer,discovery,seasonal-summer,/articles,live,seasonal-editorial-cvb-thin,3,
world food and music festival des moines,Seasonal,fall,discovery,seasonal-fall,/articles,live,seasonal-editorial-cvb-thin,2,
mothers day brunch des moines,Seasonal,spring,discovery,seasonal-spring,/articles,live,seasonal-editorial-cvb-thin,2,
valentines day des moines,Seasonal,winter,discovery,seasonal-winter,/articles,live,seasonal-editorial-cvb-thin,2,
st patricks day des moines,Seasonal,spring,discovery,seasonal-spring,/articles,live,seasonal-editorial-cvb-thin,2,
high trestle trail parking,Outdoors,,discovery,evergreen,/outdoors,live,cvb-thin-on-trails-and-parks,1,
high trestle trail bike rental,Outdoors,,discovery,evergreen,/outdoors,live,cvb-thin-on-trails-and-parks,2,
raccoon river valley trail,Outdoors,,discovery,evergreen,/outdoors,live,cvb-thin-on-trails-and-parks,2,
neal smith trail des moines,Outdoors,,discovery,evergreen,/outdoors,live,cvb-thin-on-trails-and-parks,2,
great western trail des moines,Outdoors,,discovery,evergreen,/outdoors,live,cvb-thin-on-trails-and-parks,2,
best bike trails des moines,Outdoors,,discovery,evergreen,/outdoors,live,cvb-thin-on-trails-and-parks,1,
best hiking near des moines,Outdoors,,discovery,evergreen,/outdoors,live,cvb-thin-on-trails-and-parks,1,
dog parks des moines,Outdoors,,discovery,evergreen,/outdoors,live,cvb-thin-on-trails-and-parks,1,
disc golf des moines,Outdoors,,discovery,evergreen,/outdoors,live,cvb-thin-on-trails-and-parks,2,
kayaking des moines,Outdoors,,discovery,evergreen,/outdoors,live,cvb-thin-on-trails-and-parks,2,
fishing near des moines,Outdoors,,discovery,evergreen,/outdoors,live,cvb-thin-on-trails-and-parks,2,
campgrounds near des moines,Outdoors,,discovery,evergreen,/outdoors,live,cvb-thin-on-trails-and-parks,2,
state parks near des moines,Outdoors,,discovery,evergreen,/outdoors,live,cvb-thin-on-trails-and-parks,2,
jester park,Outdoors,,discovery,evergreen,/outdoors,live,cvb-thin-on-trails-and-parks,3,
big creek state park,Outdoors,,discovery,evergreen,/outdoors,live,cvb-thin-on-trails-and-parks,3,
ledges state park,Outdoors,,discovery,evergreen,/outdoors,live,cvb-thin-on-trails-and-parks,3,
grays lake park des moines,Outdoors,,discovery,evergreen,/outdoors,live,cvb-thin-on-trails-and-parks,2,
waterfalls near des moines,Outdoors,,discovery,evergreen,/outdoors,live,cvb-thin-on-trails-and-parks,3,
scenic drives near des moines,Outdoors,,discovery,evergreen,/outdoors,live,cvb-thin-on-trails-and-parks,3,
breweries in des moines,Nightlife,,discovery,evergreen,/breweries,live,cvb-lists-does-not-rank,1,
best bars in des moines,Nightlife,,discovery,evergreen,/breweries,live,cvb-lists-does-not-rank,1,
brewery tour des moines,Nightlife,,discovery,evergreen,/breweries,live,cvb-lists-does-not-rank,2,
wineries near des moines,Nightlife,,discovery,evergreen,/breweries,live,cvb-lists-does-not-rank,2,
distilleries des moines,Nightlife,,discovery,evergreen,/breweries,live,cvb-lists-does-not-rank,2,
live music venues des moines,Nightlife,,discovery,evergreen,/breweries,live,cvb-lists-does-not-rank,1,
comedy clubs des moines,Nightlife,,discovery,evergreen,/breweries,live,cvb-lists-does-not-rank,2,
karaoke des moines,Nightlife,,discovery,evergreen,/breweries,live,cvb-lists-does-not-rank,2,
trivia night des moines,Nightlife,,discovery,evergreen,/breweries,live,cvb-lists-does-not-rank,2,
des moines nightlife,Nightlife,,discovery,evergreen,/breweries,live,cvb-lists-does-not-rank,3,
dueling pianos des moines,Nightlife,,discovery,evergreen,/breweries,live,cvb-lists-does-not-rank,3,
dive bars des moines,Nightlife,,discovery,evergreen,/breweries,live,cvb-lists-does-not-rank,3,
iowa cubs schedule,Sports,,discovery,recurring,/sports,live,requires-freshness,1,
iowa cubs tickets,Sports,,discovery,recurring,/sports,live,requires-freshness,2,
iowa wild schedule,Sports,,discovery,recurring,/sports,live,requires-freshness,2,
des moines menace schedule,Sports,,discovery,recurring,/sports,live,requires-freshness,2,
iowa barnstormers schedule,Sports,,discovery,recurring,/sports,live,requires-freshness,3,
drake relays,Sports,,discovery,recurring,/sports,live,requires-freshness,3,
iowa cubs fireworks nights,Sports,,discovery,recurring,/sports,live,requires-freshness,2,
is des moines worth visiting,Question-AI,,research,evergreen,/visitors-guide,live,answer-format-cvb-does-not-publish,1,
what is des moines known for,Question-AI,,research,evergreen,/visitors-guide,live,answer-format-cvb-does-not-publish,1,
how many days do you need in des moines,Question-AI,,research,evergreen,/itineraries,live,answer-format-cvb-does-not-publish,1,
best time to visit des moines,Question-AI,,research,evergreen,/visitors-guide,live,answer-format-cvb-does-not-publish,1,
what to do in des moines when it rains,Question-AI,,research,evergreen,/things-to-do,live,answer-format-cvb-does-not-publish,1,
is downtown des moines walkable,Question-AI,,research,evergreen,/getting-around,live,answer-format-cvb-does-not-publish,2,
how to get around des moines without a car,Question-AI,,research,evergreen,/getting-around,live,answer-format-cvb-does-not-publish,2,
des moines weekend itinerary,Question-AI,,research,evergreen,/itineraries,live,answer-format-cvb-does-not-publish,1,
one day in des moines,Question-AI,,research,evergreen,/itineraries,live,answer-format-cvb-does-not-publish,2,
free things to do in des moines,Question-AI,,research,evergreen,/events/free,live,answer-format-cvb-does-not-publish,1,
cheap things to do in des moines,Question-AI,,research,evergreen,/things-to-do/budget,pseo-slug,answer-format-cvb-does-not-publish,2,
des moines layover what to do,Question-AI,,research,evergreen,/itineraries,live,answer-format-cvb-does-not-publish,3,
is the iowa state fair worth it,Question-AI,,research,evergreen,/iowa-state-fair,live,answer-format-cvb-does-not-publish,2,
what to do in des moines in winter,Question-AI,,research,evergreen,/things-to-do/winter,pseo-slug,answer-format-cvb-does-not-publish,1,
unique things to do in des moines,Question-AI,,research,evergreen,/things-to-do,live,answer-format-cvb-does-not-publish,2,
hidden gems des moines,Question-AI,,research,evergreen,/things-to-do,live,answer-format-cvb-does-not-publish,2,
hotels near iowa state fairgrounds,Hotels-event-adjacent,,transactional,evergreen,/stay,live,event-context-ota-lacks,1,
hotels near des moines airport with shuttle,Hotels-event-adjacent,,transactional,evergreen,/stay,live,event-context-ota-lacks,2,
hotels near drake university,Hotels-event-adjacent,,transactional,evergreen,/stay,live,event-context-ota-lacks,2,
downtown des moines hotels with pool,Hotels-event-adjacent,,transactional,evergreen,/stay,live,event-context-ota-lacks,2,
pet friendly hotels des moines,Hotels-event-adjacent,,transactional,evergreen,/stay,live,event-context-ota-lacks,2,
hotels with water park near des moines,Hotels-event-adjacent,,transactional,evergreen,/stay,live,event-context-ota-lacks,3,
where to stay for the iowa state fair,Hotels-event-adjacent,,transactional,evergreen,/stay,live,event-context-ota-lacks,1,
iowa state fair parking,Iowa-State-Fair,,logistics,seasonal-summer,/iowa-state-fair,live,no-one-answers-logistics,1,
iowa state fair free concerts 2026,Iowa-State-Fair,,logistics,seasonal-summer,/iowa-state-fair,live,no-one-answers-logistics,1,
iowa state fair schedule 2026,Iowa-State-Fair,,logistics,seasonal-summer,/iowa-state-fair,live,no-one-answers-logistics,1,
iowa state fair food list,Iowa-State-Fair,,logistics,seasonal-summer,/iowa-state-fair,live,no-one-answers-logistics,1,
iowa state fair shuttle,Iowa-State-Fair,,logistics,seasonal-summer,/iowa-state-fair,live,no-one-answers-logistics,2,
iowa state fair tickets discount,Iowa-State-Fair,,logistics,seasonal-summer,/iowa-state-fair,live,no-one-answers-logistics,2,
iowa state fair with toddlers,Iowa-State-Fair,,logistics,seasonal-summer,/iowa-state-fair,live,no-one-answers-logistics,2,
iowa state fair best food 2026,Iowa-State-Fair,,logistics,seasonal-summer,/iowa-state-fair,live,no-one-answers-logistics,2,
event venues des moines,Group-and-venue-hire,,transactional,evergreen,/group-travel,live,contested-measure-before-committing,3,
wedding venues des moines,Group-and-venue-hire,,transactional,evergreen,/group-travel,live,contested-measure-before-committing,3,
bachelorette party des moines,Group-and-venue-hire,,transactional,evergreen,/group-travel,live,contested-measure-before-committing,3,
team building activities des moines,Group-and-venue-hire,,transactional,evergreen,/group-travel,live,contested-measure-before-committing,3,
group activities des moines,Group-and-venue-hire,,transactional,evergreen,/group-travel,live,contested-measure-before-committing,2,
corporate event ideas des moines,Group-and-venue-hire,,transactional,evergreen,/group-travel,live,contested-measure-before-committing,3,
things to do in des moines,Control-head-term,,discovery,evergreen,/,live,cvb-dominates-do-not-target,3,baseline only; ranks 30-57 today with zero clicks
des moines events,Control-head-term,,discovery,evergreen,/,live,cvb-dominates-do-not-target,3,baseline only; ranks 30-57 today with zero clicks
des moines restaurants,Control-head-term,,discovery,evergreen,/,live,cvb-dominates-do-not-target,3,baseline only; ranks 30-57 today with zero clicks
best restaurants in des moines,Control-head-term,,discovery,evergreen,/,live,cvb-dominates-do-not-target,3,baseline only; ranks 30-57 today with zero clicks
des moines attractions,Control-head-term,,discovery,evergreen,/,live,cvb-dominates-do-not-target,3,baseline only; ranks 30-57 today with zero clicks
things to do in des moines this weekend,Control-head-term,,discovery,evergreen,/,live,cvb-dominates-do-not-target,3,baseline only; ranks 30-57 today with zero clicks
places to eat in des moines,Control-head-term,,discovery,evergreen,/,live,cvb-dominates-do-not-target,3,baseline only; ranks 30-57 today with zero clicks
fun things to do in des moines,Control-head-term,,discovery,evergreen,/,live,cvb-dominates-do-not-target,3,baseline only; ranks 30-57 today with zero clicks
